Top country of birth,"Top country of birth, persons","Top country of birth, %",2nd top country of birth,"2nd top country of birth, persons","2nd top country of birth, %",3rd top country of birth,"3rd top country of birth, persons","3rd top country of birth, %",4th top country of birth,"4th top country of birth, persons","4th top country of birth, %",5th top country of birth,"5th top country of birth, persons","5th top country of birth, %",Suburb
Vietnam,732,8.474183839,England,310,3.588793702,New Zealand,288,3.334105117,Greece,256,2.963648993,China,142,1.643899051,Abbotsford
England,170,2.474526929,Italy,158,2.29985444,India,102,1.484716157,Germany,66,0.96069869,Vietnam,52,0.756914119,Aberfeldie
Italy,1254,9.474161378,India,250,1.888788154,Malta,226,1.707464491,Greece,224,1.692354186,England,216,1.631912965,Airport West
Vietnam,1176,12.06401313,Malta,406,4.164956914,Philippines,372,3.816167419,Bosnia and Herzegovina,256,2.626179729,India,234,2.400492409,Albanvale
England,594,5.340766049,Greece,556,4.999100881,New Zealand,358,3.218845531,United States of America,170,1.528502068,Ireland,106,0.953065995,Albert Park
India,1152,14.52344932,Vietnam,434,5.471507816,China,228,2.874432678,Philippines,206,2.597075139,Malta,162,2.042360061,Albion
England,342,3.850484125,Greece,232,2.612024319,Italy,228,2.566989417,New Zealand,144,1.621256474,India,134,1.508669219,Alphington
India,1304,3.667454157,Malta,1142,3.211834852,England,936,2.632467094,Philippines,856,2.407469907,Vietnam,852,2.396220047,Altona Meadows
Italy,1260,6.042585843,Lebanon,950,4.555917898,Greece,918,4.4024554,Vietnam,848,4.066756186,Malta,576,2.762324957,Altona North
England,1100,5.826888442,Malta,558,2.955821591,India,476,2.521453544,New Zealand,454,2.404915775,Italy,308,1.631528764,Altona
Vietnam,418,8.330011957,Malta,274,5.460342766,India,196,3.905938621,Poland,190,3.786369071,Germany,112,2.231964926,Ardeer
England,678,4.17693445,India,490,3.018728438,China,436,2.686052242,New Zealand,416,2.562838837,Greece,252,1.552488911,Armadale
England,46,6.515580737,New Zealand,20,2.83286119,Greece,18,2.549575071,Scotland,12,1.699716714,Germany,10,1.416430595,Arthurs Seat
Italy,826,3.291623496,Vietnam,722,2.877181796,England,584,2.327249542,New Zealand,522,2.080178529,China,500,1.992508169,Ascot Vale
England,486,3.305223069,China,466,3.169205658,India,362,2.461915125,New Zealand,236,1.605005441,Malaysia,176,1.19695321,Ashburton
China,762,6.619179986,India,396,3.439888812,England,258,2.24113968,Malaysia,220,1.91104934,Greece,200,1.737317582,Ashwood
England,544,4.312668464,India,390,3.091802759,South Africa,216,1.712383066,New Zealand,192,1.522118281,Sri Lanka,188,1.490407484,Aspendale Gardens
England,616,4.861111111,New Zealand,184,1.452020202,Scotland,112,0.883838384,India,108,0.852272727,Germany,90,0.710227273,Aspendale
Italy,222,3.528289892,Sri Lanka,108,1.716465353,Philippines,88,1.398601399,England,84,1.335028608,Turkey,84,1.335028608,Attwood
Italy,2548,12.02000189,Vietnam,1210,5.708085668,Greece,578,2.726672328,Croatia,490,2.311538824,Malta,388,1.830361355,Avondale Heights
England,54,7.297297297,France,14,1.891891892,New Zealand,10,1.351351351,Scotland,10,1.351351351,,,,Avonsleigh
England,18,4.6875,New Zealand,16,4.166666667,Hungary,12,3.125,Netherlands,10,2.604166667,United States of America,10,2.604166667,Balaclava
China,2926,7.423381368,Malaysia,1332,3.37933834,England,968,2.45585549,Greece,964,2.445707327,Hong Kong,848,2.151410595,Balwyn North
China,2424,9.666613495,Malaysia,828,3.301962035,England,760,3.030786409,India,570,2.273089807,Hong Kong,528,2.105598979,Balwyn
England,214,14.55782313,Scotland,62,4.217687075,Netherlands,30,2.040816327,Wales,26,1.768707483,Germany,24,1.632653061,Bangholme
England,274,6.755424063,New Zealand,86,2.120315582,Scotland,68,1.6765286,Germany,50,1.232741617,Italy,38,0.936883629,Baxter
England,704,4.347826087,India,290,1.791007905,New Zealand,196,1.210474308,China,158,0.975790514,Scotland,144,0.889328063,Bayswater North
England,892,4.135373204,India,570,2.64255911,China,524,2.429299954,Germany,452,2.095503013,New Zealand,392,1.817338897,Bayswater
England,714,6.252189142,New Zealand,144,1.260945709,Scotland,144,1.260945709,South Africa,104,0.910683012,Sri Lanka,96,0.840630473,Beaconsfield
England,1838,7.349648113,New Zealand,484,1.935380678,South Africa,338,1.351567498,Scotland,322,1.287587972,Germany,288,1.151631478,Beaumaris
England,160,6.230529595,Netherlands,40,1.557632399,New Zealand,38,1.479750779,United States of America,22,0.856697819,Germany,20,0.778816199,Belgrave Heights
England,178,6.133700896,New Zealand,64,2.205375603,Netherlands,58,1.99862164,Germany,30,1.033769814,Scotland,28,0.964851826,Belgrave South
England,516,6.814580032,New Zealand,158,2.086634971,Netherlands,70,0.924458531,United States of America,66,0.87163233,Germany,62,0.818806128,Belgrave
Greece,1524,3.062454787,China,1270,2.552045655,England,1204,2.419419661,South Africa,1008,2.025560646,Israel,952,1.913029499,Bentleigh East
England,1044,3.619470254,China,1034,3.584800998,India,868,3.00929136,New Zealand,576,1.996949106,Greece,508,1.761198169,Bentleigh
England,4912,5.721074332,Sri Lanka,1982,2.308462811,India,1936,2.254885975,New Zealand,1530,1.78201216,South Africa,1360,1.584010809,Berwick
England,532,8.24550527,Scotland,82,1.270923745,New Zealand,72,1.115933044,Germany,60,0.929944203,Netherlands,44,0.681959082,Bittern
England,804,7.228915663,New Zealand,212,1.906131991,South Africa,144,1.294731163,United States of America,136,1.222801654,Scotland,90,0.809206977,Black Rock
China,706,5.17899061,England,376,2.758215962,Malaysia,316,2.318075117,India,230,1.687206573,Italy,226,1.65786385,Blackburn North
China,1020,5.094396164,England,584,2.916791529,India,430,2.147637599,Malaysia,426,2.127659574,Vietnam,370,1.847967236,Blackburn South
England,974,3.993112496,China,934,3.829124303,India,618,2.53361758,New Zealand,396,1.623483109,Malaysia,340,1.393899639,Blackburn
England,256,6.364992541,Italy,56,1.392342118,Germany,32,0.795624068,Scotland,32,0.795624068,Ireland,28,0.696171059,Blairgowrie
England,646,6.071428571,New Zealand,224,2.105263158,China,156,1.466165414,India,120,1.127819549,Scotland,114,1.071428571,Bonbeach
England,2224,5.555833125,India,588,1.468898326,Germany,582,1.453909568,China,524,1.309018236,New Zealand,506,1.264051961,Boronia
China,2444,11.56868314,Malaysia,658,3.114645461,England,488,2.309949825,India,482,2.281548802,Hong Kong,480,2.272081795,Box Hill North
China,1270,8.644160087,England,466,3.171794174,Malaysia,296,2.014701879,Vietnam,258,1.756057718,India,242,1.647154914,Box Hill South
China,3946,22.31143277,India,780,4.410268009,Hong Kong,638,3.607373063,Malaysia,604,3.415130612,Vietnam,330,1.865882619,Box Hill
Vietnam,3480,23.68313597,India,810,5.512454063,China,512,3.484415408,Philippines,378,2.572478563,Burma (Myanmar),342,2.327480604,Braybrook
England,272,4.521276596,New Zealand,98,1.628989362,Italy,76,1.263297872,Germany,72,1.196808511,China,56,0.930851064,Briar Hill
England,1488,4.925521351,South Africa,642,2.125124131,New Zealand,478,1.582257531,China,454,1.502813638,Poland,424,1.403508772,Brighton East
England,2498,6.253442147,New Zealand,742,1.857507635,United States of America,662,1.65723727,South Africa,582,1.456966905,China,516,1.291743854,Brighton
Iraq,1400,7.537417896,Turkey,1246,6.708301927,Lebanon,1006,5.416173145,India,524,2.821147841,Vietnam,380,2.045870572,Broadmeadows
Vietnam,158,5.200789993,Italy,140,4.608294931,New Zealand,94,3.094140882,China,84,2.764976959,Philippines,70,2.304147465,Brooklyn
Italy,1036,6.441183785,England,540,3.357373788,New Zealand,424,2.636160159,Greece,412,2.561551853,China,258,1.604078587,Brunswick East
Italy,1864,4.373738796,Greece,1614,3.787132198,England,1274,2.989347224,New Zealand,1088,2.552911915,China,964,2.261955042,Brunswick
Italy,1164,4.714841218,India,866,3.507777058,Greece,826,3.345755023,England,552,2.235904083,China,532,2.154893065,Brunswick West
Italy,26,3.892215569,England,16,2.395209581,India,12,1.796407186,China,10,1.497005988,Malta,10,1.497005988,Bulla
Italy,1928,9.162627127,China,1292,6.140100751,Greece,1002,4.761904762,Malaysia,416,1.976998384,Vietnam,362,1.720368786,Bulleen
China,3674,7.557804657,Italy,1458,2.999259442,India,1164,2.394470501,Greece,1124,2.312186291,FYR Macedonia,1080,2.221673661,Bundoora
England,72,5.020920502,India,62,4.323570432,New Zealand,36,2.510460251,Greece,30,2.092050209,Ireland,24,1.673640167,Burnley
Philippines,664,6.929659779,India,546,5.698184095,Vietnam,440,4.591943227,Sri Lanka,204,2.12899186,New Zealand,192,2.003757044,Burnside Heights
Philippines,580,6.986268369,Vietnam,322,3.878583474,Malta,234,2.818597928,El Salvador,160,1.927246447,Ethiopia,156,1.879065285,Burnside
China,2214,11.24314442,Greece,1016,5.159455616,India,682,3.463335365,Sri Lanka,584,2.965671339,Malaysia,528,2.681291895,Burwood East
China,3038,12.07376202,Malaysia,800,3.179397504,Sri Lanka,652,2.591208966,India,642,2.551466497,England,628,2.495827041,Burwood
Vietnam,3132,18.61626248,Philippines,982,5.836899667,India,448,2.662862577,FYR Macedonia,362,2.151688065,Bosnia and Herzegovina,338,2.009034712,Cairnlea
England,1604,4.124241489,China,1046,2.689499126,New Zealand,844,2.170112105,India,708,1.820425795,Malaysia,678,1.743289108,Camberwell
Iraq,1372,13.65989646,Lebanon,826,8.223815213,Italy,742,7.387495022,Turkey,432,4.301075269,Greece,272,2.708084429,Campbellfield
England,690,4.519848028,China,584,3.825494563,New Zealand,322,2.109262413,Malaysia,302,1.978252325,India,160,1.048080702,Canterbury
England,464,3.954994886,New Zealand,414,3.528810092,Italy,362,3.085577907,Malaysia,174,1.483123082,China,146,1.244459598,Carlton North
China,2668,11.16504854,Malaysia,2458,10.28624037,Singapore,1120,4.6869769,Indonesia,1014,4.243388015,Hong Kong,656,2.745229327,Carlton
India,2722,8.841106925,China,1776,5.768481226,England,800,2.598414967,Greece,686,2.228140834,Ukraine,638,2.072235936,Carnegie
Philippines,2360,6.034570932,India,1758,4.49524394,New Zealand,814,2.081415567,Vietnam,732,1.871739797,Malta,610,1.559783165,Caroline Springs
England,1598,4.487251488,New Zealand,1022,2.869819162,India,852,2.392451982,Philippines,508,1.426485454,Scotland,400,1.123216893,Carrum Downs
England,428,6.397608371,New Zealand,174,2.600896861,Italy,56,0.837070254,Netherlands,56,0.837070254,Scotland,52,0.777279522,Carrum
China,172,7.232968881,India,136,5.719091674,New Zealand,58,2.43902439,England,56,2.354920101,Sri Lanka,42,1.766190076,Caulfield East
Poland,1034,3.814372141,South Africa,972,3.585657371,Israel,844,3.113472038,China,754,2.781466726,England,746,2.751955142,Caulfield North
South Africa,1362,6.381782401,England,654,3.064380096,Israel,628,2.942554587,Poland,556,2.605191641,Ukraine,520,2.436510168,Caulfield South
South Africa,638,6.594996899,Israel,432,4.465577838,Poland,376,3.886706636,Ukraine,272,2.81166012,India,232,2.398180691,Caulfield
China,1330,9.03164471,India,656,4.454705962,Greece,550,3.73489067,Sri Lanka,512,3.476843678,Italy,310,2.105120196,Chadstone
England,476,4.767628205,India,260,2.604166667,New Zealand,228,2.283653846,Philippines,202,2.023237179,Sri Lanka,122,1.221955128,Chelsea Heights
England,766,5.610077633,New Zealand,268,1.962794785,India,262,1.918851619,Scotland,190,1.391533617,China,156,1.142522338,Chelsea
England,1670,4.325752474,Greece,964,2.497021188,India,796,2.06185567,New Zealand,660,1.709578822,China,600,1.554162565,Cheltenham
England,1064,6.635898715,Italy,346,2.157914432,New Zealand,214,1.334663839,Germany,190,1.184981913,Netherlands,176,1.097667457,Chirnside Park
India,1282,8.968798097,Greece,902,6.310340003,Cambodia,560,3.917727718,Sri Lanka,482,3.372044214,Vietnam,452,3.162165944,Clarinda
India,3214,14.65305006,China,1468,6.69280569,Greece,1392,6.346311662,Vietnam,1044,4.759733747,Cambodia,730,3.328166317,Clayton South
China,5214,17.83417704,India,3056,10.45286633,Malaysia,1586,5.424818717,Indonesia,1018,3.482008483,Greece,1014,3.46832672,Clayton
England,42,6.140350877,New Zealand,16,2.339181287,South Africa,16,2.339181287,United States of America,16,2.339181287,Italy,8,1.169590643,Clematis
England,484,4.403202329,New Zealand,316,2.874818049,Greece,250,2.274381368,Malaysia,152,1.382823872,United States of America,142,1.291848617,Clifton Hill
Italy,984,8.100098782,Greece,416,3.424432005,India,350,2.881132697,Lebanon,334,2.749423773,China,250,2.057951926,Coburg North
Italy,3482,7.417980401,Greece,1760,3.749467405,Lebanon,1534,3.268001704,India,1048,2.232637409,England,910,1.938645079,Coburg
England,198,5.85106383,Netherlands,52,1.536643026,Scotland,48,1.418439716,New Zealand,40,1.182033097,South Africa,12,0.354609929,Coldstream
Vietnam,796,7.107142857,New Zealand,400,3.571428571,England,374,3.339285714,China,314,2.803571429,Ethiopia,184,1.642857143,Collingwood
Iraq,662,10.97480106,Turkey,438,7.26127321,Lebanon,256,4.24403183,India,128,2.122015915,Malta,108,1.790450928,Coolaroo
Italy,156,5.165562914,England,60,1.986754967,Malta,52,1.721854305,Sri Lanka,50,1.655629139,Turkey,50,1.655629139,Craigieburn
India,820,5.228258097,England,720,4.590665647,New Zealand,448,2.85641418,Sri Lanka,374,2.384595766,Philippines,174,1.109410865,Cranbourne East
India,1242,4.457364341,England,1098,3.940568475,New Zealand,724,2.598334769,Sri Lanka,704,2.526557565,Philippines,568,2.038472581,Cranbourne North
England,58,6.18336887,Netherlands,18,1.918976546,Romania,14,1.492537313,Northern Ireland,12,1.279317697,New Zealand,10,1.066098081,Cranbourne South
England,1474,4.191310282,New Zealand,1172,3.332575068,India,1084,3.082347589,Philippines,500,1.421747043,Sri Lanka,464,1.319381256,Cranbourne
New Zealand,868,5.18890483,India,850,5.081300813,England,466,2.785748446,Sri Lanka,434,2.594452415,Philippines,286,1.709708274,Cranbourne West
New Zealand,154,5.303030303,England,122,4.201101928,Ireland,64,2.203856749,Greece,60,2.066115702,United States of America,38,1.308539945,Cremorne
England,362,6.884747052,New Zealand,80,1.521491061,Scotland,66,1.255230126,Netherlands,54,1.027006466,Slovenia,16,0.304298212,Crib Point
England,384,3.796717421,South Africa,154,1.522641883,Scotland,112,1.107375915,New Zealand,100,0.988728495,Netherlands,82,0.810757366,Croydon Hills
England,874,5.887107638,South Africa,158,1.064259733,New Zealand,154,1.037316449,Germany,144,0.969958238,Scotland,116,0.781355247,Croydon North
England,464,5.305282415,New Zealand,130,1.48639378,China,100,1.143379831,Netherlands,82,0.937571461,Philippines,74,0.846101075,Croydon South
England,2674,5.927206632,Burma (Myanmar),704,1.5604912,New Zealand,610,1.352130159,China,546,1.210267323,India,546,1.210267323,Croydon
Turkey,1784,15.48611111,Iraq,856,7.430555556,Lebanon,470,4.079861111,New Zealand,190,1.649305556,Malta,188,1.631944444,Dallas
Sri Lanka,2158,5.220125786,India,2004,4.847605225,Vietnam,1020,2.467343977,Bosnia and Herzegovina,952,2.302854378,Afghanistan,936,2.264150943,Dandenong North
Afghanistan,78,12.5,India,64,10.25641026,Bosnia and Herzegovina,24,3.846153846,New Zealand,20,3.205128205,England,18,2.884615385,Dandenong South
India,5528,11.99756923,Afghanistan,3264,7.083948259,Sri Lanka,3128,6.788783749,China,1576,3.420435802,FYR Macedonia,1468,3.186040455,Dandenong
Vietnam,2228,7.516361919,Philippines,1512,5.100870387,India,1146,3.866135888,Malta,1008,3.400580258,New Zealand,860,2.901288712,Deer Park
Vietnam,1008,6.376518219,Philippines,954,6.034919028,India,618,3.909412955,FYR Macedonia,536,3.390688259,Malta,516,3.26417004,Delahey
Philippines,1032,9.163558871,Vietnam,964,8.55975848,India,554,4.919197301,New Zealand,354,3.143313799,China,230,2.042266027,Derrimut
England,962,4.527058824,Italy,242,1.138823529,Scotland,198,0.931764706,New Zealand,184,0.865882353,Germany,102,0.48,Diamond Creek
England,1018,5.135189669,India,356,1.795803067,New Zealand,288,1.452784504,Sri Lanka,268,1.351896691,Greece,256,1.291364003,Dingley Village
China,938,9.838472834,India,708,7.426054122,England,440,4.615061884,New Zealand,406,4.258443465,Malaysia,398,4.174533249,Docklands
China,4278,8.188813598,Malaysia,2518,4.819876728,Hong Kong,2506,4.796906703,Greece,1420,2.718119521,Italy,1204,2.304659087,Doncaster East
China,3982,11.2606753,Greece,1642,4.643402522,Italy,1310,3.704541598,Malaysia,1298,3.670606866,Hong Kong,1088,3.076749053,Doncaster
China,798,3.484107579,England,734,3.204680405,Malaysia,558,2.436255676,Hong Kong,516,2.252881593,Italy,472,2.06077541,Donvale
England,778,3.653611346,New Zealand,184,0.864093172,South Africa,118,0.554146708,Italy,116,0.544754391,Scotland,76,0.356908049,Doreen
India,984,6.337756022,Sri Lanka,662,4.263815535,Afghanistan,524,3.374983898,New Zealand,410,2.640731676,England,398,2.563441968,Doveton
England,542,5.883630048,Italy,184,1.997394703,Greece,166,1.801997395,New Zealand,130,1.411202779,Germany,88,0.955275727,Dromana
Italy,280,3.666841278,England,252,3.30015715,China,122,1.597695128,Greece,100,1.309586171,India,76,0.99528549,Eaglemont
England,414,4.918032787,New Zealand,314,3.730102162,Malaysia,164,1.948206225,India,144,1.7106201,United States of America,144,1.7106201,East Melbourne
England,594,5.689655172,New Zealand,200,1.915708812,Scotland,146,1.398467433,South Africa,106,1.01532567,Italy,88,0.842911877,Edithvale
England,698,3.879502001,New Zealand,410,2.278790574,Poland,374,2.078701645,India,368,2.04535349,South Africa,324,1.800800356,Elsternwick
England,582,4.370025529,Italy,208,1.561796065,New Zealand,134,1.006157081,South Africa,104,0.780898033,Malaysia,78,0.585673525,Eltham North
England,1830,5.22200662,New Zealand,482,1.375413766,Italy,362,1.032987102,South Africa,252,0.719095994,Germany,234,0.667731994,Eltham
England,1516,5.706542197,New Zealand,878,3.304976285,Ireland,458,1.724008131,United States of America,332,1.249717684,India,314,1.181961906,Elwood
England,966,8.597365611,Netherlands,166,1.47739409,Scotland,126,1.121395514,New Zealand,116,1.03239587,Germany,108,0.961196155,Emerald
Sri Lanka,2630,5.572742298,India,2070,4.386150782,China,1006,2.131626902,Afghanistan,948,2.008729923,England,914,1.936686867,Endeavour Hills
India,2996,5.949638573,FYR Macedonia,1964,3.90023036,Italy,1626,3.229009453,Sri Lanka,1050,2.085153706,Greece,820,1.628405751,Epping
India,218,5.212816834,Italy,210,5.021520803,England,96,2.295552367,China,68,1.62601626,New Zealand,42,1.004304161,Essendon North
India,1530,4.284274194,Italy,1238,3.466621864,England,666,1.864919355,China,506,1.416890681,New Zealand,446,1.248879928,Essendon
Italy,76,2.7696793,China,46,1.67638484,India,42,1.530612245,Sri Lanka,38,1.38483965,England,36,1.311953353,Essendon West
England,138,4.124327555,Sri Lanka,106,3.167961745,New Zealand,100,2.988643156,Afghanistan,96,2.86909743,India,94,2.809324567,Eumemmerring
Greece,466,4.148860399,England,398,3.543447293,Italy,370,3.294159544,India,314,2.795584046,China,196,1.745014245,Fairfield
Italy,3314,13.96779904,Pakistan,1154,4.863862429,Lebanon,850,3.582567647,India,794,3.346539661,Iraq,662,2.790187979,Fawkner
England,2814,5.67727878,New Zealand,620,1.250857443,Germany,546,1.101561554,India,540,1.089456482,China,498,1.004720978,Ferntree Gully
England,178,6.091718001,New Zealand,50,1.711156742,Germany,46,1.574264203,Netherlands,32,1.095140315,Scotland,30,1.026694045,Ferny Creek
England,996,4.636008192,Italy,800,3.723701359,New Zealand,768,3.574753305,Greece,332,1.545336064,China,310,1.442934277,Fitzroy North
Vietnam,796,4.75337394,England,712,4.251761615,New Zealand,614,3.666547235,China,566,3.379911621,United States of America,256,1.528723277,Fitzroy
Vietnam,896,6.558336993,China,420,3.074220466,Ethiopia,400,2.927829015,Somalia,376,2.752159274,New Zealand,344,2.517932953,Flemington
Vietnam,2500,10.86673042,India,1928,8.380422498,China,1306,5.67677997,Bangladesh,552,2.399374076,New Zealand,436,1.895157785,Footscray
China,1252,6.510660426,England,582,3.026521061,Malaysia,496,2.579303172,India,472,2.45449818,Vietnam,444,2.308892356,Forest Hill
England,620,5.976479661,New Zealand,330,3.181029497,Scotland,166,1.600154232,Philippines,128,1.233853865,Bosnia and Herzegovina,98,0.944669366,Frankston North
England,2906,8.617008659,New Zealand,492,1.458901672,Scotland,460,1.364013759,Germany,296,0.877713201,Italy,284,0.842130234,Frankston South
England,4486,6.862895083,New Zealand,1782,2.726187926,Scotland,1040,1.591041214,India,888,1.358504421,China,568,0.868953278,Frankston
India,84,4.555314534,England,74,4.013015184,China,36,1.952277657,Ireland,28,1.518438178,Ukraine,28,1.518438178,Gardenvale
Italy,686,4.358876604,India,394,2.503494726,Egypt,366,2.325581395,Lebanon,362,2.300165205,England,336,2.13495997,Gladstone Park
India,1284,14.95457722,China,840,9.783368274,South Africa,220,2.562310738,Ukraine,204,2.375960867,Russian Federation,182,2.119729793,Glen Huntly
England,1662,3.476114783,India,1470,3.074541956,China,1288,2.69388438,New Zealand,812,1.698318414,Malaysia,766,1.602108257,Glen Iris
China,8176,10.8530013,Malaysia,4108,5.453049088,Sri Lanka,3652,4.84774471,India,3534,4.691108928,England,2144,2.845992513,Glen Waverley
India,1994,5.4609191,Italy,1930,5.285643863,Turkey,1068,2.924905516,Lebanon,962,2.634605905,Sri Lanka,608,1.665114751,Glenroy
Italy,132,2.517162471,Fiji,130,2.479023646,Sri Lanka,108,2.059496568,Turkey,88,1.678108314,England,74,1.411136537,Gowanbrae
England,1212,3.064475348,Italy,912,2.305941846,New Zealand,448,1.132743363,India,364,0.920353982,China,356,0.900126422,Greensborough
Italy,1458,6.418383518,Turkey,714,3.143159007,Iraq,600,2.64131009,Lebanon,350,1.540764219,Cyprus,292,1.285437577,Greenvale
Italy,832,8.424463345,Lebanon,384,3.888213852,Malta,292,2.956662616,Turkey,256,2.592142568,Greece,244,2.470635885,Hadfield
India,1078,5.517453168,Afghanistan,1040,5.322960385,Sri Lanka,1020,5.220595762,New Zealand,490,2.507933258,England,466,2.385095711,Hallam
England,336,4.008589835,India,210,2.505368647,China,172,2.052016225,New Zealand,156,1.861130995,Ukraine,136,1.622524457,Hampton East
India,3800,8.39927501,Sri Lanka,2242,4.955572256,New Zealand,1786,3.947659255,Mauritius,1534,3.390654701,Afghanistan,1398,3.090049069,Hampton Park
England,1728,7.312738045,New Zealand,510,2.158273381,United States of America,370,1.565806179,Italy,322,1.362674566,Scotland,222,0.939483707,Hampton
England,40,5.39083558,New Zealand,20,2.69541779,China,16,2.156334232,United States of America,14,1.886792453,Mauritius,8,1.078167116,Harkaway
England,1352,8.663334615,New Zealand,308,1.973599897,Scotland,208,1.33282071,Netherlands,172,1.102140202,Philippines,98,0.627963604,Hastings
India,1006,4.095757674,England,822,3.34663301,China,798,3.248921098,New Zealand,516,2.100806123,Malaysia,360,1.465678691,Hawthorn East
India,1982,4.969909729,China,1502,3.766298897,England,1340,3.360080241,New Zealand,856,2.146439318,Malaysia,732,1.83550652,Hawthorn
England,198,3.793103448,China,182,3.486590038,South Africa,156,2.988505747,India,124,2.375478927,New Zealand,118,2.260536398,Heatherton
England,894,4.961704962,New Zealand,328,1.82040182,China,236,1.30980131,India,200,1.11000111,Scotland,154,0.854700855,Heathmont
India,438,3.657925505,Italy,302,2.522131284,England,294,2.45531986,China,268,2.238182729,Somalia,210,1.7537999,Heidelberg Heights
China,324,2.975753123,India,324,2.975753123,England,310,2.847171198,Italy,284,2.608376194,Malaysia,134,1.230712711,Heidelberg
Somalia,548,5.561193424,China,340,3.450375482,India,302,3.064745281,Vietnam,232,2.354373858,England,168,1.704891415,Heidelberg West
England,886,4.557144327,Greece,422,2.170558585,New Zealand,408,2.098549532,India,376,1.933957412,China,258,1.327023969,Highett
India,3140,4.411599416,England,1948,2.736877599,Philippines,1878,2.638529842,New Zealand,1796,2.523322468,Italy,1026,1.441497134,Hoppers Crossing
China,934,7.00359928,Greece,876,6.568686263,India,742,5.563887223,England,266,1.99460108,Sri Lanka,222,1.664667067,Hughesdale
China,246,7.176196033,India,226,6.592765461,Greece,116,3.383897316,Italy,114,3.325554259,Vietnam,68,1.983663944,Huntingdale
England,254,4.832572298,New Zealand,70,1.331811263,Germany,48,0.913242009,Scotland,44,0.837138508,United States of America,40,0.761035008,Hurstbridge
England,260,3.584229391,Italy,170,2.343534602,China,146,2.012682658,Greece,118,1.626688723,India,114,1.571546733,Ivanhoe East
China,668,3.134090269,England,626,2.937036689,Italy,592,2.777517125,India,398,1.867317256,Greece,320,1.501360608,Ivanhoe
India,138,3.918228279,Iraq,76,2.15786485,New Zealand,72,2.044293015,Sri Lanka,72,2.044293015,Philippines,70,1.987507098,Jacana
England,146,7.012487992,New Zealand,56,2.689721422,Scotland,30,1.44092219,Germany,28,1.344860711,Austria,26,1.248799232,Junction Village
England,240,8.010680908,Germany,46,1.535380507,United States of America,46,1.535380507,Austria,36,1.201602136,South Africa,36,1.201602136,Kallista
England,204,8.947368421,New Zealand,40,1.754385965,Netherlands,36,1.578947368,Germany,26,1.140350877,Austria,18,0.789473684,Kalorama
Vietnam,436,7.300736772,Italy,156,2.612190221,Malta,128,2.143335566,India,122,2.042866711,FYR Macedonia,120,2.009377093,Kealba
Vietnam,876,4.455294477,FYR Macedonia,768,3.906011596,Malta,642,3.265181569,Italy,606,3.082087275,Croatia,600,3.051571559,Keilor Downs
Italy,2212,8.761784045,Greece,668,2.645963717,Vietnam,650,2.574665294,India,464,1.837914917,England,400,1.584409411,Keilor East
Italy,118,3.470588235,Malta,80,2.352941176,Croatia,56,1.647058824,England,46,1.352941176,Egypt,44,1.294117647,Keilor Lodge
Italy,20,12.34567901,Cyprus,10,6.172839506,Greece,10,6.172839506,New Zealand,10,6.172839506,England,6,3.703703704,Keilor North
Italy,758,15.29459241,Greece,128,2.582728006,Malta,74,1.493139629,England,64,1.291364003,FYR Macedonia,58,1.170298628,Keilor Park
Italy,418,3.799309217,England,240,2.18142156,Croatia,176,1.599709144,Germany,140,1.27249591,Cyprus,124,1.127067806,Keilor
China,724,3.959313136,Vietnam,678,3.707754566,England,618,3.379634693,New Zealand,582,3.182762769,Malaysia,362,1.979656568,Kensington
China,430,3.711375798,Italy,306,2.641118591,England,238,2.054203349,Greece,212,1.82979458,India,212,1.82979458,Kew East
China,1798,3.966993204,England,1608,3.547789251,Malaysia,918,2.025416998,India,822,1.813608684,New Zealand,788,1.73859324,Kew
Vietnam,4022,10.56974666,Cambodia,2700,7.095553453,India,1770,4.651529486,Sri Lanka,1462,3.842110796,China,762,2.002522863,Keysborough
England,342,5.745967742,Netherlands,52,0.873655914,Wales,52,0.873655914,India,42,0.705645161,New Zealand,40,0.672043011,Kilsyth South
England,1336,6.928023232,Netherlands,410,2.126114914,Germany,262,1.358639286,New Zealand,260,1.348267994,Scotland,178,0.923045011,Kilsyth
Vietnam,2120,13.84173413,FYR Macedonia,784,5.118829982,Philippines,604,3.943588404,Malta,588,3.839122486,India,318,2.07626012,Kings Park
China,770,11.87904968,Vietnam,422,6.510336316,India,304,4.689910521,Italy,284,4.381363777,Greece,168,2.591792657,Kingsbury
Vietnam,230,3.550478543,India,214,3.303488731,England,204,3.149120099,New Zealand,150,2.315529484,Greece,116,1.790676135,Kingsville
England,698,5.003584229,China,316,2.265232975,Sri Lanka,302,2.164874552,India,298,2.136200717,Malaysia,286,2.050179211,Knoxfield
England,78,5.051813472,China,68,4.404145078,France,22,1.424870466,United States of America,22,1.424870466,India,18,1.165803109,Kooyong
Italy,2820,7.461896698,FYR Macedonia,2398,6.345258256,Greece,2348,6.212955123,India,1634,4.323666384,Vietnam,1564,4.138441998,Lalor
England,134,6.079854809,Scotland,30,1.361161525,Netherlands,24,1.08892922,Italy,20,0.907441016,Lebanon,20,0.907441016,Langwarrin South
England,2950,7.134910269,New Zealand,686,1.659168964,Scotland,642,1.552749964,Netherlands,336,0.812654187,Germany,206,0.498234412,Langwarrin
New Zealand,22,17.1875,Malta,8,6.25,,,,,,,,,,Laverton North
India,1140,15.01185146,Burma (Myanmar),390,5.135633395,Philippines,228,3.002370292,Thailand,216,2.844350803,England,194,2.554648407,Laverton
England,1844,6.118521468,Italy,508,1.685579667,Netherlands,408,1.353772646,New Zealand,404,1.340500365,South Africa,272,0.902515097,Lilydale
England,256,3.502051984,Italy,106,1.450068399,New Zealand,80,1.094391245,Scotland,66,0.902872777,Germany,58,0.793433653,Lower Plenty
India,1314,10.05663554,Sri Lanka,654,5.005357416,New Zealand,372,2.847084035,China,328,2.51033216,Philippines,326,2.495025256,Lynbrook
India,726,7.634069401,Sri Lanka,632,6.645636172,Philippines,352,3.701366982,New Zealand,238,2.502628812,England,226,2.376445846,Lyndhurst
England,104,5.708013172,Romania,36,1.975850714,New Zealand,28,1.536772777,South Africa,28,1.536772777,Sri Lanka,26,1.427003293,Lysterfield South
England,538,4.307445957,Sri Lanka,214,1.713370697,Italy,144,1.152922338,India,140,1.120896717,New Zealand,116,0.928742994,Lysterfield
England,556,3.017475307,China,518,2.81124498,Italy,368,1.997177901,India,338,1.834364485,Malaysia,222,1.204819277,Macleod
Vietnam,2346,16.53276956,China,578,4.07329105,India,524,3.692741367,Philippines,244,1.719520789,Italy,226,1.592670895,Maidstone
China,1758,4.575741801,England,1054,2.743362832,India,920,2.394586153,Greece,802,2.087454451,New Zealand,550,1.43154607,Malvern East
India,634,3.497352162,England,610,3.364960282,New Zealand,372,2.052074139,China,350,1.930714916,Greece,318,1.75419241,Malvern
Vietnam,2238,11.74063582,China,1020,5.350960025,India,494,2.591543385,Italy,370,1.941034519,England,332,1.741685028,Maribyrnong
England,226,4.824935952,Netherlands,62,1.323654996,Scotland,60,1.280956447,New Zealand,54,1.152860803,Italy,42,0.896669513,McCrae
China,366,3.41354225,England,336,3.133743705,South Africa,214,1.995896288,Israel,210,1.958589815,Russian Federation,158,1.473605671,McKinnon
Turkey,3786,13.4848269,Iraq,2624,9.346060692,Lebanon,1026,3.654366719,Vietnam,864,3.077361447,New Zealand,364,1.29648098,Meadow Heights
New Zealand,18,10.58823529,Singapore,8,4.705882353,South Africa,8,4.705882353,Vietnam,8,4.705882353,Italy,6,3.529411765,Melbourne Airport
China,6374,12.77866881,Malaysia,4418,8.857257418,India,3204,6.423416199,Indonesia,2954,5.922213312,Singapore,1458,2.923015237,Melbourne
England,1134,5.109028654,New Zealand,514,2.315732564,Greece,458,2.063434853,India,410,1.847179672,China,394,1.775094612,Mentone
England,78,6.210191083,Switzerland,32,2.547770701,Germany,18,1.433121019,New Zealand,16,1.27388535,Austria,14,1.114649682,Menzies Creek
England,340,2.749474365,India,230,1.859938541,Italy,172,1.390910561,New Zealand,154,1.245350154,Sri Lanka,150,1.213003396,Mernda
England,406,5.254983174,Greece,268,3.468806627,New Zealand,230,2.976960911,Ireland,120,1.553196997,Italy,90,1.164897748,Middle Park
FYR Macedonia,2142,3.66630152,Italy,2104,3.601259756,India,1526,2.611940299,Greece,1498,2.564014788,Sri Lanka,994,1.701355607,Mill Park
China,1276,4.466535984,England,960,3.360403248,India,718,2.513301596,Malaysia,502,1.757210865,New Zealand,454,1.589190703,Mitcham
England,382,7.391640867,Netherlands,188,3.637770898,New Zealand,72,1.393188854,Germany,58,1.122291022,Austria,32,0.619195046,Monbulk
China,622,6.265108783,England,302,3.041901692,Malaysia,280,2.820306205,New Zealand,170,1.712328767,Hong Kong,168,1.692183723,Mont Albert North
China,588,6.109725686,England,386,4.010806318,Malaysia,180,1.87032419,New Zealand,176,1.82876143,India,148,1.537822111,Mont Albert
England,722,4.241569733,New Zealand,232,1.362942075,Italy,194,1.139701563,Scotland,130,0.763717542,Germany,114,0.669721537,Montmorency
England,812,6.434231379,Netherlands,280,2.218700475,Germany,156,1.236133122,New Zealand,128,1.014263074,Scotland,86,0.681458003,Montrose
Italy,1508,5.849041967,India,716,2.777131332,England,654,2.536653479,Greece,486,1.885036072,New Zealand,400,1.551470018,Moonee Ponds
England,358,3.579284143,China,298,2.979404119,Greece,278,2.779444111,India,256,2.559488102,New Zealand,172,1.719656069,Moorabbin
England,2358,5.868883469,New Zealand,460,1.144905172,Scotland,454,1.129971626,Netherlands,388,0.965702623,Burma (Myanmar),374,0.930857683,Mooroolbark
England,880,6.148686417,New Zealand,244,1.704863052,China,236,1.648965903,Greece,210,1.467300168,India,200,1.397428731,Mordialloc
England,4492,10.60334246,New Zealand,840,1.982815598,Scotland,776,1.831743934,Ireland,376,0.88754603,Netherlands,310,0.731753376,Mornington
England,250,10.39933444,Netherlands,62,2.579034942,New Zealand,38,1.580698835,Germany,36,1.49750416,South Africa,26,1.081530782,Mount Dandenong
England,3818,11.55708924,New Zealand,550,1.664850466,Scotland,430,1.301610364,South Africa,348,1.053396295,United States of America,316,0.956532268,Mount Eliza
England,1078,5.93808527,Netherlands,372,2.049135177,Germany,148,0.815247328,New Zealand,146,0.804230473,Scotland,90,0.495758511,Mount Evelyn
England,3484,10.86576846,New Zealand,520,1.621756487,Scotland,468,1.459580838,Germany,278,0.867015968,Netherlands,224,0.698602794,Mount Martha
China,4616,7.419074866,Sri Lanka,2392,3.844546594,India,1742,2.799832846,England,1632,2.623035135,Greece,1616,2.597319104,Mount Waverley
Sri Lanka,1576,4.610613773,China,1564,4.575507577,India,1200,3.510619624,Greece,1124,3.288280381,Malaysia,954,2.790942601,Mulgrave
England,454,3.991559698,Italy,334,2.936521892,Romania,170,1.494636891,India,160,1.406717074,Sri Lanka,160,1.406717074,Narre Warren North
India,2438,4.390419593,Afghanistan,1854,3.338735818,England,1850,3.331532505,Sri Lanka,1766,3.180262921,New Zealand,1118,2.01332613,Narre Warren South
India,1860,3.744564342,England,1582,3.184892897,Sri Lanka,1370,2.758093091,Afghanistan,1068,2.150104687,New Zealand,982,1.976968916,Narre Warren
England,832,3.681741747,New Zealand,552,2.442694044,Greece,370,1.637313037,Lebanon,292,1.292149748,India,288,1.274449066,Newport
Italy,334,3.561526978,India,200,2.132650885,England,182,1.940712305,New Zealand,104,1.10897846,China,94,1.002345916,Niddrie
Sri Lanka,706,5.038538396,Vietnam,576,4.110762204,India,556,3.968027405,Bosnia and Herzegovina,374,2.669140737,Greece,366,2.612046817,Noble Park North
India,4806,8.926117158,Vietnam,4600,8.543516214,Sri Lanka,2968,5.512425244,Cambodia,2454,4.557780172,Bosnia and Herzegovina,1132,2.102447903,Noble Park
China,1722,8.236081883,Malaysia,826,3.950640903,Vietnam,624,2.984503539,England,600,2.869714942,New Zealand,582,2.783623493,North Melbourne
England,334,6.430496727,New Zealand,82,1.578744705,Germany,60,1.155179053,United States of America,48,0.924143242,Scotland,38,0.7316134,North Warrandyte
Greece,2476,5.683070143,England,1482,3.401579141,Italy,1406,3.227139185,New Zealand,1084,2.488064635,China,500,1.147631289,Northcote
China,444,11.41975309,Malaysia,272,6.995884774,Sri Lanka,158,4.063786008,Singapore,150,3.858024691,India,142,3.652263374,Notting Hill
China,1182,5.638774926,India,678,3.234424196,England,610,2.910027669,Vietnam,410,1.955920237,New Zealand,298,1.421620074,Nunawading
India,442,4.03652968,Italy,376,3.433789954,China,320,2.922374429,Turkey,208,1.899543379,England,174,1.589041096,Oak Park
China,878,7.703105808,India,646,5.667660993,Italy,622,5.457097736,Greece,616,5.404456922,Sri Lanka,376,3.298824355,Oakleigh East
Greece,998,5.744215494,India,858,4.938413722,China,592,3.407390353,Italy,456,2.624611488,Sri Lanka,384,2.210199148,Oakleigh South
Greece,906,6.280327187,China,774,5.36531263,India,670,4.64439207,England,304,2.107306253,Italy,294,2.037986968,Oakleigh
England,136,5.271317829,New Zealand,34,1.317829457,Sri Lanka,32,1.240310078,Germany,28,1.085271318,Scotland,28,1.085271318,Officer
England,188,7.892527288,New Zealand,42,1.763224181,Netherlands,30,1.259445844,Germany,26,1.091519731,New Caledonia,24,1.007556675,Olinda
India,1058,7.16802168,China,694,4.701897019,England,412,2.791327913,Israel,266,1.802168022,Ukraine,230,1.558265583,Ormond
England,30,6.787330317,Germany,8,1.809954751,India,6,1.357466063,New Zealand,6,1.357466063,,,,Panton Hill
England,412,5.757406372,Italy,116,1.621017328,South Africa,76,1.062045836,Germany,66,0.922302963,New Zealand,64,0.894354388,Park Orchards
England,1084,5.082044069,New Zealand,336,1.575246132,Scotland,208,0.975152368,Italy,188,0.881387717,Greece,176,0.825128926,Parkdale
China,724,6.282540784,Malaysia,650,5.640402638,England,376,3.262755988,New Zealand,266,2.30822631,Singapore,224,1.943769524,Parkville
Italy,1182,6.431603004,Greece,616,3.351833714,India,294,1.599738818,England,282,1.534443356,Lebanon,190,1.033844814,Pascoe Vale South
Italy,1870,6.642984014,India,856,3.040852575,Greece,486,1.726465364,England,452,1.605683837,Lebanon,422,1.499111901,Pascoe Vale
England,728,5.087351502,New Zealand,226,1.579315164,China,176,1.229909154,India,176,1.229909154,Italy,156,1.090146751,Patterson Lakes
England,68,2.39268121,Italy,68,2.39268121,Greece,30,1.055594652,Germany,28,0.985221675,Scotland,24,0.844475721,Plenty
India,3648,5.823940739,China,2796,4.463744053,England,2460,3.927328459,New Zealand,2078,3.317475015,Philippines,1322,2.110539928,Point Cook
England,1596,5.9375,New Zealand,788,2.931547619,Greece,768,2.857142857,United States of America,346,1.287202381,China,272,1.011904762,Port Melbourne
England,44,5.301204819,New Zealand,30,3.614457831,Scotland,16,1.927710843,United States of America,10,1.204819277,Italy,8,0.963855422,Portsea
England,990,4.867256637,Greece,814,4.001966568,New Zealand,778,3.824975418,China,354,1.740412979,India,294,1.445427729,Prahran
Italy,2640,4.776897188,China,2434,4.404154453,Greece,2128,3.850468643,India,1888,3.416205262,Vietnam,1404,2.540440777,Preston
England,122,3.125,Italy,110,2.817622951,New Zealand,94,2.407786885,China,48,1.229508197,Greece,42,1.075819672,Princes Hill
England,202,4.675925926,Netherlands,46,1.064814815,Scotland,42,0.972222222,Italy,36,0.833333333,United States of America,32,0.740740741,Research
Italy,7890,8.842317606,India,4242,4.7540065,China,3074,3.445029699,Greece,2812,3.151406478,Vietnam,1762,1.974672195,Reservoir
Vietnam,2694,6.126626035,England,1618,3.6796143,New Zealand,1468,3.338488129,Greece,1256,2.85636314,China,862,1.960338397,Richmond
England,870,4.660381401,China,442,2.367688022,India,350,1.874866081,Burma (Myanmar),314,1.682022713,New Zealand,272,1.457038783,Ringwood East
England,768,4.082500532,Italy,264,1.403359558,New Zealand,224,1.190729322,South Africa,204,1.084414204,China,194,1.031256645,Ringwood North
England,1312,4.243757278,China,1134,3.668003623,India,934,3.021089404,Burma (Myanmar),588,1.901927804,New Zealand,466,1.507310131,Ringwood
England,102,3.561452514,India,86,3.002793296,China,70,2.444134078,Israel,64,2.234636872,New Zealand,56,1.955307263,Ripponlea
Italy,630,4.160063391,England,394,2.601690438,China,312,2.06022187,India,234,1.545166403,New Zealand,196,1.294241944,Rosanna
England,1734,7.33378447,Italy,304,1.285738454,Scotland,272,1.150397564,New Zealand,264,1.116562341,Germany,166,0.702080866,Rosebud
England,558,6.687440077,Italy,150,1.797698945,Scotland,142,1.701821668,Netherlands,108,1.294343241,New Zealand,78,0.934803452,Rosebud West
England,2274,3.424286231,Sri Lanka,1876,2.824960848,Malaysia,1600,2.409348271,India,1524,2.294904228,China,1094,1.64739188,Rowville
Iraq,4664,12.88682582,Turkey,2656,7.338638373,Sri Lanka,1060,2.92882405,India,1030,2.845932803,Philippines,920,2.541998232,Roxburgh Park
England,744,4.981253348,Italy,370,2.477236208,Greece,252,1.687198715,New Zealand,202,1.352437065,Croatia,118,0.790037493,Rye
England,606,9.489508299,Italy,128,2.004384591,New Zealand,100,1.565925462,Greece,98,1.534606953,Scotland,90,1.409332916,Safety Beach
England,452,7.563587684,South Africa,242,4.049531459,New Zealand,142,2.376171352,India,114,1.907630522,Philippines,96,1.606425703,Sandhurst
England,1468,8.204784261,New Zealand,474,2.649228706,Scotland,300,1.676727029,United States of America,254,1.419628884,Ireland,188,1.050748938,Sandringham
England,186,8.363309353,Germany,36,1.618705036,New Zealand,30,1.348920863,United States of America,30,1.348920863,Scotland,24,1.079136691,Sassafras
India,396,3.448275862,Sri Lanka,394,3.430860327,England,392,3.413444793,Malaysia,386,3.361198189,China,324,2.821316614,Scoresby
India,324,3.423499577,England,210,2.218934911,Philippines,164,1.732882502,China,160,1.690617075,Vietnam,152,1.606086221,Seabrook
England,1978,6.683787254,New Zealand,834,2.818138812,Scotland,416,1.405690343,Germany,328,1.10833277,India,168,0.567682638,Seaford
England,202,5.570876999,India,116,3.199117485,Malta,108,2.978488693,New Zealand,74,2.040816327,Scotland,68,1.875344732,Seaholme
Vietnam,550,5.991285403,England,290,3.159041394,New Zealand,256,2.788671024,India,246,2.679738562,FYR Macedonia,190,2.069716776,Seddon
England,194,6.13147914,United States of America,42,1.327433628,New Zealand,40,1.264222503,Germany,38,1.201011378,Netherlands,34,1.074589128,Selby
England,54,10.42471042,United States of America,12,2.316602317,Germany,8,1.544401544,New Zealand,8,1.544401544,South Africa,8,1.544401544,Sherbrooke
England,728,5.057662915,New Zealand,404,2.806725024,Philippines,268,1.861886897,India,204,1.41725719,Sri Lanka,158,1.097679589,Skye
England,1586,8.143355925,Scotland,264,1.355514479,New Zealand,256,1.314438283,Netherlands,134,0.688026289,Germany,130,0.667488191,Somerville
England,162,5.99112426,Italy,52,1.923076923,Scotland,32,1.183431953,Ireland,20,0.73964497,New Zealand,20,0.73964497,Sorrento
England,106,3.038990826,India,92,2.637614679,New Zealand,72,2.064220183,Lebanon,70,2.006880734,Greece,52,1.490825688,South Kingsville
England,882,5.149462868,New Zealand,552,3.222793087,Indonesia,446,2.6039234,China,410,2.393741242,Greece,348,2.031760859,South Melbourne
India,1582,3.962131837,FYR Macedonia,1064,2.664796634,Italy,1044,2.614706472,Sri Lanka,650,1.627930274,England,580,1.452614706,South Morang
China,8,8.163265306,South Africa,8,8.163265306,Germany,6,6.12244898,India,6,6.12244898,Philippines,6,6.12244898,South Wharf
England,1756,5.081900793,New Zealand,1392,4.028477166,India,968,2.801412282,China,760,2.199455924,Malaysia,490,1.418070267,South Yarra
China,1796,8.961181519,Indonesia,1552,7.74373815,Malaysia,1154,5.757908392,England,916,4.570402155,New Zealand,834,4.161261351,Southbank
England,160,3.576218149,Italy,124,2.771569066,India,116,2.592758158,New Zealand,102,2.27983907,Greece,70,1.56459544,Spotswood
Vietnam,4456,19.34195677,Cambodia,2910,12.6313048,India,994,4.314610643,China,434,1.883844084,Thailand,376,1.632086119,Springvale South
Vietnam,8414,22.42298262,India,4108,10.94766016,Cambodia,2150,5.729666347,China,1938,5.164694595,Sri Lanka,818,2.179938173,Springvale
Vietnam,10998,17.10952085,India,4416,6.869943995,Malta,3030,4.713752334,Croatia,1880,2.924704418,Philippines,1858,2.890479154,St Albans
England,174,3.12275664,Italy,148,2.656137832,New Zealand,56,1.005025126,Greece,52,0.933237617,China,44,0.789662599,St Helena
England,822,3.520342612,India,808,3.460385439,New Zealand,648,2.7751606,United States of America,604,2.586723769,Israel,528,2.26124197,St Kilda East
England,2020,6.362605518,New Zealand,1542,4.856998866,Ireland,1060,3.338792995,India,806,2.538742598,United States of America,502,1.581201965,St Kilda
England,342,6.556748466,New Zealand,196,3.757668712,India,112,2.147239264,Ireland,110,2.108895706,United States of America,110,2.108895706,St Kilda West
Italy,46,2.519167579,England,36,1.971522453,New Zealand,36,1.971522453,Sri Lanka,30,1.642935378,Greece,26,1.423877327,Strathmore Heights
Italy,426,2.744138109,England,314,2.022674568,India,170,1.095078588,Greece,148,0.953362535,New Zealand,146,0.940479258,Strathmore
England,2810,4.440581542,New Zealand,1024,1.618204804,Scotland,566,0.894437421,India,534,0.843868521,Germany,428,0.676359039,Sunbury
Vietnam,4922,24.82849072,Malta,1098,5.53874092,Italy,538,2.713882163,India,428,2.158999193,Philippines,410,2.068200161,Sunshine North
Vietnam,1978,12.24464529,India,1146,7.09421815,Burma (Myanmar),524,3.243778631,Italy,360,2.228550204,China,296,1.832363501,Sunshine
Vietnam,4284,13.70266121,Malta,1462,4.676305015,Greece,1080,3.454452405,India,848,2.712384852,FYR Macedonia,732,2.341351075,Sunshine West
England,964,3.802161395,China,774,3.052772738,New Zealand,420,1.656543346,Malaysia,362,1.427782598,India,350,1.380452789,Surrey Hills
India,2104,10.83530745,Philippines,632,3.254712123,Croatia,388,1.99814605,Malta,384,1.977546606,Sri Lanka,354,1.823050778,Sydenham
India,3374,8.331275619,New Zealand,2000,4.938515482,Philippines,1954,4.824929626,England,952,2.35073337,Sri Lanka,558,1.37784582,Tarneit
India,1076,4.718470444,Philippines,642,2.815295562,Vietnam,616,2.701280477,FYR Macedonia,532,2.332924048,Malta,450,1.973338011,Taylors Hill
Italy,976,3.139071144,India,948,3.049015824,FYR Macedonia,754,2.425061109,Malta,712,2.289978129,Croatia,606,1.949054419,Taylors Lakes
England,282,7.160995429,Germany,60,1.523616049,New Zealand,58,1.472828847,United States of America,40,1.015744033,South Africa,38,0.964956831,Tecoma
China,1398,5.583067093,Greece,1038,4.145367412,Italy,1002,4.001597444,Malaysia,746,2.979233227,England,514,2.052715655,Templestowe Lower
China,1526,4.772329247,Italy,974,3.046034526,England,968,3.027270453,Malaysia,908,2.839629722,Greece,904,2.82712034,Templestowe
England,540,6.66173205,New Zealand,142,1.751788798,Netherlands,98,1.208981002,Germany,90,1.110288675,Scotland,86,1.060942512,The Basin
England,128,6.237816764,Netherlands,48,2.339181287,Germany,38,1.851851852,Scotland,32,1.559454191,South Africa,20,0.974658869,The Patch
Italy,3232,8.445257382,FYR Macedonia,3058,7.990593154,Vietnam,2078,5.429840606,Greece,1980,5.173765351,India,1858,4.854977789,Thomastown
Greece,1716,5.268975682,Italy,1582,4.857528863,India,1284,3.942520265,England,796,2.444116925,New Zealand,662,2.032670106,Thornbury
England,892,3.736908253,New Zealand,604,2.530372853,India,576,2.4130708,China,530,2.220360285,Poland,408,1.709258483,Toorak
England,262,5.33604888,Italy,152,3.095723014,Greece,78,1.588594705,New Zealand,70,1.425661914,Croatia,42,0.855397149,Tootgarook
China,278,8.836617928,Malaysia,136,4.322949777,India,132,4.195804196,Saudi Arabia,98,3.115066751,New Zealand,90,2.860775588,Travancore
India,1684,9.852562602,New Zealand,1052,6.154926281,Philippines,682,3.99017084,China,330,1.930727826,Pakistan,316,1.848818161,Truganina
Italy,542,4.606493286,India,332,2.821689614,Lebanon,276,2.345741968,Greece,270,2.294747578,Sri Lanka,228,1.937786843,Tullamarine
England,452,7.880055788,Scotland,90,1.569037657,Netherlands,66,1.150627615,New Zealand,54,0.941422594,Germany,32,0.557880056,Tyabb
England,430,7.084019769,New Zealand,94,1.548599671,Netherlands,76,1.252059308,Austria,62,1.021416804,Germany,56,0.922570016,Upper Ferntree Gully
England,860,6.445810223,New Zealand,208,1.558986659,Netherlands,192,1.439064608,Germany,158,1.18423025,Switzerland,78,0.584619997,Upwey
China,1134,5.103051031,Malaysia,764,3.43803438,England,732,3.29403294,Greece,532,2.39402394,Italy,500,2.2500225,Vermont South
England,648,3.336079077,China,604,3.109555189,India,428,2.203459638,Malaysia,406,2.090197694,Vietnam,284,1.462108731,Vermont
England,394,3.026578583,Italy,392,3.01121524,Greece,266,2.043324627,China,234,1.797511138,Malaysia,214,1.643877708,Viewbank
Malaysia,1570,4.62472016,England,1338,3.941322022,India,1250,3.682102038,China,1228,3.617297043,Sri Lanka,1142,3.363968422,Wantirna South
China,966,3.607169529,England,920,3.435399552,Malaysia,754,2.815533981,India,654,2.442120986,Sri Lanka,502,1.874533234,Wantirna
England,36,7.826086957,Germany,18,3.913043478,South Africa,14,3.043478261,United States of America,8,1.739130435,Scotland,6,1.304347826,Warrandyte South
England,554,5.423927942,Italy,138,1.351086744,New Zealand,116,1.135696103,South Africa,96,0.93988643,China,88,0.861562561,Warrandyte
England,412,4.450205228,South Africa,100,1.0801469,New Zealand,96,1.036941024,Italy,86,0.928926334,Scotland,74,0.799308706,Warranwood
China,220,5.258126195,Vietnam,216,5.162523901,England,194,4.636711281,India,170,4.063097514,Cambodia,148,3.537284895,Waterways
Italy,262,3.503610591,England,162,2.16635464,Greece,148,1.979138807,China,100,1.337255951,Malaysia,86,1.150040118,Watsonia North
England,242,2.469387755,China,226,2.306122449,India,136,1.387755102,Italy,120,1.224489796,Sri Lanka,92,0.93877551,Watsonia
England,176,5.513784461,Scotland,26,0.814536341,Germany,20,0.626566416,Finland,18,0.563909774,Ireland,18,0.563909774,Wattle Glen
England,84,7,New Zealand,32,2.666666667,Italy,26,2.166666667,Malta,26,2.166666667,Ireland,20,1.666666667,Werribee South
England,2520,3.558216373,India,2254,3.182626867,Italy,1642,2.318488605,New Zealand,1606,2.267656943,Burma (Myanmar),1222,1.725452543,Werribee
Vietnam,1652,8.681029953,India,1222,6.421439832,Italy,410,2.154492906,China,382,2.007356805,England,354,1.860220704,West Footscray
China,394,6.061538462,Korea Republic of South,292,4.492307692,Malaysia,280,4.307692308,England,212,3.261538462,New Zealand,212,3.261538462,West Melbourne
Italy,472,4.551591128,England,248,2.391513983,Malta,198,1.909353905,Turkey,152,1.465766635,Greece,122,1.176470588,Westmeadows
China,1976,5.319263487,Malaysia,1462,3.935608916,England,1214,3.268009045,India,1114,2.998815549,Sri Lanka,1098,2.955744589,Wheelers Hill
India,896,14.63096016,New Zealand,290,4.735467015,Philippines,288,4.702808622,China,154,2.514696277,England,108,1.763553233,Williams Landing
England,166,5.548128342,India,68,2.272727273,New Zealand,68,2.272727273,Scotland,50,1.671122995,Germany,46,1.537433155,Williamstown North
England,1414,5.614230128,New Zealand,418,1.659652188,Scotland,274,1.08790598,Italy,238,0.944969427,Greece,200,0.794091956,Williamstown
Greece,558,4.517487047,England,530,4.290803109,New Zealand,490,3.966968912,China,246,1.991580311,India,236,1.910621762,Windsor
England,294,5.63434266,New Zealand,64,1.226523572,South Africa,42,0.804906094,Italy,36,0.689919509,Germany,30,0.574932924,Wonga Park
England,1282,3.969777668,New Zealand,1084,3.35666068,India,1076,3.331888276,Philippines,712,2.204743915,Sudan,280,0.867034124,Wyndham Vale
England,272,3.475594173,New Zealand,142,1.814464605,India,102,1.303347815,Italy,80,1.02223358,Malaysia,72,0.920010222,Yallambie
Italy,60,4.672897196,England,46,3.582554517,Sri Lanka,22,1.713395639,India,14,1.090342679,Turkey,12,0.934579439,Yarrambat
England,934,3.563253472,Greece,830,3.166488631,Vietnam,712,2.716313139,New Zealand,686,2.617121929,Italy,556,2.121165878,Yarraville