,Top language spoken,"Top language spoken, persons","Top language spoken, %",2nd top language spoken,"2nd top language spoken, persons","2nd top language spoken, %",3rd top language spoken,"3rd top language spoken, persons","3rd top language spoken, %",4th top language spoken,"4th top language spoken, persons","4th top language spoken, %",5th top language spoken,"5th top language spoken, persons","5th top language spoken, %",Suburb
0,Vietnamese,435,9.993108201,Greek,208,4.778313807,Cantonese,107,2.458074891,Mandarin,88,2.021594303,Thai,45,1.033769814,Abbotsford
1,Italian,176,5.073508216,Greek,101,2.911501874,Croatian,33,0.95128279,Arabic,27,0.778322283,Vietnamese,26,0.749495532,Aberfeldie
3,Italian,940,14.10141014,Greek,261,3.915391539,Maltese,113,1.695169517,Mandarin,82,1.230123012,Sinhalese,70,1.050105011,Airport West
4,Vietnamese,883,18.02408655,Maltese,208,4.245764442,Arabic,157,3.20473566,Greek,139,2.837313737,Macedonian,138,2.816901408,Albanvale
5,Greek,525,9.381701215,Italian,99,1.769120801,French,53,0.947105075,German,34,0.607576841,Spanish,30,0.536097212,Albert Park
6,Punjabi,317,7.932932933,Vietnamese,282,7.057057057,Hindi,113,2.827827828,Italian,84,2.102102102,Mandarin,84,2.102102102,Albion
10,Greek,277,6.221922731,Italian,180,4.043126685,Mandarin,45,1.010781671,Macedonian,39,0.876010782,German,38,0.853548967,Alphington
11,Arabic,590,3.299776286,Maltese,574,3.210290828,Italian,571,3.193512304,Vietnamese,554,3.098434004,Greek,543,3.036912752,Altona Meadows
12,Arabic,1560,14.85431346,Italian,874,8.322224338,Greek,743,7.074842887,Vietnamese,505,4.808607884,Maltese,308,2.93277471,Altona North
13,Italian,247,2.607685811,Maltese,242,2.554898649,Mandarin,155,1.636402027,Greek,154,1.625844595,Vietnamese,102,1.076858108,Altona
17,Vietnamese,343,13.61651449,Maltese,155,6.153235411,Polish,102,4.049225883,Arabic,72,2.858277094,Ukrainian,61,2.421595871,Ardeer
18,Greek,277,3.396272683,Mandarin,191,2.341834232,Cantonese,135,1.655223149,Italian,105,1.287395782,Hindi,77,0.94409024,Armadale
19,Greek,7,2.023121387,,,,,,,,,,,,,Arthurs Seat
21,Italian,657,5.228394079,Vietnamese,440,3.501512017,Greek,366,2.912621359,Cantonese,271,2.156613083,Arabic,215,1.710966099,Ascot Vale
22,Mandarin,253,3.444051184,Greek,238,3.239858426,Cantonese,170,2.31418459,Italian,87,1.184317996,Vietnamese,63,0.857609583,Ashburton
23,Mandarin,381,6.549767922,Greek,309,5.312016503,Cantonese,187,3.214715489,Italian,114,1.959773079,Sinhalese,67,1.151796459,Ashwood
24,Greek,286,4.493322859,Italian,124,1.948153967,Cantonese,119,1.869599372,Vietnamese,96,1.508248233,Mandarin,96,1.508248233,Aspendale Gardens
25,Greek,114,1.784875528,Russian,73,1.14294661,German,46,0.720212933,Italian,45,0.70455613,Mandarin,33,0.516674495,Aspendale
26,Italian,250,7.849293564,Turkish,105,3.296703297,Greek,88,2.762951334,Arabic,58,1.821036107,Croatian,46,1.444270016,Attwood
29,Italian,1822,17.18705782,Vietnamese,677,6.386189982,Greek,621,5.85793793,Cantonese,415,3.914725026,Croatian,335,3.160079238,Avondale Heights
30,French,5,1.340482574,Italian,<5,,,,,,,,,,,Avonsleigh
34,German,5,2.538071066,Hungarian,5,2.538071066,Russian,5,2.538071066,Yiddish,<5,,Greek,<5,,Balaclava
40,Mandarin,1730,8.725915465,Cantonese,1438,7.253101987,Greek,1266,6.385554323,Italian,717,3.61646323,Vietnamese,261,1.316453142,Balwyn North
41,Mandarin,1423,11.32420818,Cantonese,880,7.003024033,Greek,404,3.21502467,Italian,220,1.750756008,Vietnamese,161,1.281235079,Balwyn
42,Greek,13,1.763907734,Dutch,12,1.628222524,German,10,1.356852103,Italian,9,1.221166893,Danish,6,0.814111262,Bangholme
46,Italian,29,1.38424821,German,27,1.288782816,Auslan,11,0.525059666,Greek,10,0.477326969,Dutch,6,0.286396181,Baxter
47,Mandarin,93,1.13705832,Cantonese,77,0.941435383,Khmer,74,0.904756083,Punjabi,60,0.733586013,Greek,56,0.684680279,Bayswater North
48,Cantonese,308,2.842114976,German,304,2.805204392,Mandarin,266,2.454553843,Sinhalese,93,0.858171081,Greek,91,0.839715789,Bayswater
49,Italian,41,0.715282624,Romanian,37,0.645498953,Sinhalese,37,0.645498953,Hungarian,35,0.610607118,Dutch,15,0.261688765,Beaconsfield
52,Greek,200,1.594769157,German,161,1.283789172,Italian,99,0.789410733,Mandarin,89,0.709672275,Russian,74,0.590064588,Beaumaris
55,German,12,0.929512006,Polish,7,0.542215337,Danish,6,0.464756003,Dutch,5,0.387296669,Latvian,5,0.387296669,Belgrave Heights
56,Dutch,14,0.959561343,German,9,0.616860864,Greek,8,0.548320768,Spanish,8,0.548320768,Hungarian,8,0.548320768,Belgrave South
57,German,34,0.887496737,Dutch,30,0.783085356,French,23,0.60036544,Spanish,19,0.495954059,Mandarin,15,0.391542678,Belgrave
64,Greek,1999,7.95273711,Russian,1074,4.272756206,Mandarin,683,2.717218332,Italian,640,2.54614895,Hebrew,521,2.072724379,Bentleigh East
65,Greek,760,5.225881868,Mandarin,517,3.554974902,Russian,497,3.417451695,Italian,301,2.069724266,Hebrew,161,1.107061817,Bentleigh
66,Sinhalese,918,2.130820296,Mandarin,626,1.453043034,Italian,415,0.963279328,Spanish,333,0.772944617,Hindi,328,0.761338842,Berwick
71,German,20,0.616142945,Dutch,11,0.33887862,Indonesian,6,0.184842884,Thai,5,0.154035736,Italian,<5,,Bittern
73,Greek,103,1.837972877,Italian,54,0.96359743,Russian,40,0.713775874,Mandarin,39,0.695931478,French,34,0.606709493,Black Rock
74,Cantonese,390,5.733607762,Mandarin,390,5.733607762,Greek,291,4.278153484,Italian,196,2.88150544,Vietnamese,80,1.176124669,Blackburn North
75,Mandarin,567,5.635622702,Cantonese,536,5.327502236,Greek,447,4.44289832,Italian,129,1.28217871,Vietnamese,124,1.232481861,Blackburn South
76,Mandarin,473,3.869437173,Cantonese,284,2.323298429,Greek,134,1.096204188,Punjabi,123,1.006217277,Italian,116,0.94895288,Blackburn
78,Italian,34,1.679841897,German,13,0.64229249,Greek,12,0.592885375,French,11,0.543478261,Arabic,7,0.345849802,Blairgowrie
80,Mandarin,71,1.333834304,Greek,61,1.145970317,Italian,58,1.089611122,Russian,56,1.052038324,Dutch,43,0.807815142,Bonbeach
83,German,323,1.607205055,Mandarin,293,1.457929044,Cantonese,241,1.199183958,Italian,176,0.8757526,Spanish,97,0.482659103,Boronia
85,Mandarin,1241,11.71528368,Cantonese,794,7.495515907,Greek,390,3.681676579,Italian,295,2.784857925,Korean,182,1.718115737,Box Hill North
86,Mandarin,605,8.229053319,Cantonese,354,4.815016322,Greek,181,2.461915125,Italian,98,1.33297062,Vietnamese,95,1.292165397,Box Hill South
87,Mandarin,1822,20.39171796,Cantonese,955,10.68830442,Italian,160,1.790710688,Hindi,154,1.723559037,Vietnamese,124,1.387800783,Box Hill
88,Vietnamese,2262,30.56343737,Cantonese,584,7.890825564,Somali,235,3.175246588,Mandarin,208,2.810431023,Punjabi,161,2.175381705,Braybrook
91,Italian,45,1.493032515,Mandarin,27,0.895819509,German,24,0.796284008,Greek,21,0.696748507,Slovene,10,0.331785003,Briar Hill
93,Greek,548,3.617639292,Russian,362,2.389754423,Italian,287,1.894639556,Mandarin,272,1.795616583,Hebrew,146,0.963823607,Brighton East
94,Greek,394,1.955043914,Italian,303,1.503498238,Russian,277,1.374485188,Mandarin,236,1.171041532,German,219,1.086686846,Brighton
96,Arabic,1915,20.53399099,Turkish,1126,12.07377225,Assyrian (Neo-Aramaic),343,3.677889771,Vietnamese,261,2.798627493,Chaldean (Neo-Aramaic),237,2.541282436,Broadmeadows
97,Italian,108,6.963249516,Vietnamese,105,6.769825919,Cantonese,60,3.868471954,Greek,46,2.965828498,Mandarin,37,2.385557705,Brooklyn
98,Italian,791,9.860383944,Greek,393,4.899027674,Arabic,215,2.680129643,Mandarin,164,2.044377961,Spanish,92,1.146846173,Brunswick East
99,Italian,1426,6.670408832,Greek,1412,6.604920947,Arabic,686,3.208906352,Mandarin,480,2.245298905,Nepali,303,1.417344934,Brunswick
100,Italian,915,7.368929693,Greek,811,6.531368285,Arabic,405,3.261657405,Mandarin,291,2.343561247,Nepali,147,1.183860836,Brunswick West
102,Italian,16,4.733727811,Serbian,10,2.958579882,Maltese,<5,,Cantonese,<5,,Arabic,<5,,Bulla
103,Italian,1408,13.31693937,Greek,1091,10.3187364,Cantonese,694,6.563889152,Mandarin,620,5.86399319,Arabic,185,1.749739904,Bulleen
106,Mandarin,1792,7.349382767,Italian,1315,5.393101751,Greek,1145,4.695894681,Macedonian,1035,4.244760694,Arabic,691,2.833941681,Bundoora
108,Greek,36,4.965517241,Hindi,14,1.931034483,Mandarin,12,1.655172414,Spanish,8,1.103448276,Vietnamese,8,1.103448276,Burnley
109,Vietnamese,335,7.014237856,Tagalog,167,3.496649916,Macedonian,161,3.371021776,Filipino,148,3.098827471,Spanish,123,2.575376884,Burnside Heights
110,Vietnamese,230,5.441211261,Spanish,215,5.086349657,Tagalog,149,3.524958599,Maltese,140,3.312041637,Filipino,138,3.264726757,Burnside
111,Greek,1116,11.31272174,Mandarin,1093,11.07957425,Cantonese,666,6.751140395,Italian,273,2.767359351,Vietnamese,270,2.736948809,Burwood East
112,Mandarin,1476,11.67536782,Cantonese,647,5.117861098,Greek,559,4.421768707,Vietnamese,267,2.112007594,Sinhalese,239,1.890523651,Burwood
115,Vietnamese,2292,27.19829121,Cantonese,445,5.280645544,Tagalog,332,3.939717574,Macedonian,320,3.797318144,Filipino,234,2.776788893,Cairnlea
117,Mandarin,663,3.402792034,Greek,568,2.915212482,Cantonese,421,2.16074728,Italian,392,2.011907206,French,165,0.846848696,Camberwell
118,Arabic,1496,29.68253968,Italian,491,9.742063492,Turkish,409,8.115079365,Chaldean (Neo-Aramaic),404,8.015873016,Greek,289,5.734126984,Campbellfield
123,Mandarin,386,5.052356021,Greek,127,1.662303665,Cantonese,121,1.583769634,Italian,103,1.348167539,French,60,0.785340314,Canterbury
128,Italian,338,5.717185386,Greek,133,2.249661705,Mandarin,112,1.894451962,French,67,1.133288227,Spanish,53,0.896481732,Carlton North
129,Mandarin,2018,16.79707008,Cantonese,862,7.174962544,Indonesian,411,3.421008823,Somali,399,3.321125354,Arabic,326,2.713500916,Carlton
130,Mandarin,920,5.926307653,Greek,808,5.204844112,Russian,807,5.198402474,Hindi,387,2.492914197,Cantonese,378,2.434939449,Carnegie
131,Tagalog,609,3.109363831,Filipino,581,2.966404575,Vietnamese,548,2.797916879,Spanish,470,2.399673236,Maltese,435,2.220974165,Caroline Springs
132,Hindi,212,1.183101736,Tamil,174,0.97103633,Dutch,155,0.865003627,Greek,146,0.81477761,Italian,126,0.703164239,Carrum Downs
133,Greek,35,1.027598356,Italian,28,0.822078685,Russian,27,0.792718732,Japanese,24,0.704638873,German,18,0.528479154,Carrum
136,Mandarin,92,7.76371308,Greek,41,3.459915612,Italian,18,1.518987342,Gujarati,17,1.434599156,Hindi,16,1.35021097,Caulfield East
137,Hebrew,709,5.193758699,Russian,475,3.479598564,Mandarin,327,2.395428906,Yiddish,270,1.977877079,Greek,242,1.7727639,Caulfield North
138,Russian,675,6.277317958,Hebrew,402,3.738491584,Greek,350,3.254905608,Mandarin,156,1.450757928,Yiddish,145,1.348460895,Caulfield South
139,Russian,369,7.569230769,Hebrew,297,6.092307692,Greek,210,4.307692308,Mandarin,106,2.174358974,Polish,86,1.764102564,Caulfield
140,Mandarin,698,9.423518294,Greek,634,8.559470771,Cantonese,289,3.901714594,Italian,269,3.631699743,Sinhalese,197,2.659646281,Chadstone
142,Greek,102,2.029446876,Spanish,79,1.571826502,Italian,60,1.19379228,Mandarin,47,0.935137286,Turkish,44,0.875447672,Chelsea Heights
143,Greek,121,1.763334305,Russian,103,1.501020111,Italian,83,1.209559895,Mandarin,81,1.180413874,Spanish,58,0.845234625,Chelsea
144,Greek,1001,5.151561937,Italian,363,1.868148834,Mandarin,300,1.543924656,Russian,298,1.533631825,Turkish,192,0.98811178,Cheltenham
146,Italian,218,2.695017926,German,65,0.803560391,Dutch,45,0.55631104,Polish,38,0.469773767,Arabic,30,0.370874026,Chirnside Park
148,Greek,1067,14.90848121,Khmer,285,3.982115411,Italian,262,3.660751712,Cantonese,248,3.465139025,Vietnamese,203,2.83638396,Clarinda
149,Greek,1276,11.6327833,Mandarin,766,6.98331662,Punjabi,676,6.1628225,Cantonese,545,4.968547725,Vietnamese,478,4.357735436,Clayton South
150,Mandarin,2727,18.6054445,Greek,964,6.577062155,Cantonese,763,5.205703759,Italian,482,3.288531077,Indonesian,472,3.220304291,Clayton
151,Mandarin,<5,,,,,,,,,,,,,,Clematis
152,Greek,240,4.330566582,Italian,124,2.237459401,Spanish,52,0.938289426,Vietnamese,49,0.884157344,German,43,0.775893179,Clifton Hill
157,Italian,728,11.91294387,Greek,400,6.545573556,Arabic,369,6.038291605,Turkish,173,2.830960563,Mandarin,115,1.881852397,Coburg North
158,Italian,2771,11.74252055,Greek,1846,7.822696839,Arabic,1845,7.818459191,Turkish,605,2.563776591,Mandarin,473,2.004407153,Coburg
162,French,10,0.584795322,German,5,0.292397661,Dutch,5,0.292397661,Greek,<5,,Italian,<5,,Coldstream
164,Vietnamese,506,8.955752212,Greek,163,2.884955752,Arabic,157,2.778761062,Mandarin,145,2.566371681,Cantonese,134,2.371681416,Collingwood
165,Turkish,448,14.75625823,Arabic,445,14.65744401,Assyrian (Neo-Aramaic),250,8.234519104,Chaldean (Neo-Aramaic),88,2.898550725,Vietnamese,62,2.042160738,Coolaroo
171,Italian,169,11.16248349,Turkish,71,4.689564069,Arabic,39,2.575957728,Greek,30,1.981505945,Punjabi,22,1.453104359,Craigieburn
172,Sinhalese,162,2.062380649,Punjabi,113,1.438574157,Malayalam,104,1.323997454,Spanish,96,1.222151496,Hindi,80,1.01845958,Cranbourne East
173,Sinhalese,308,2.211531557,Spanish,217,1.558124506,Dari,199,1.428879156,Hindi,172,1.235011129,Punjabi,161,1.15602786,Cranbourne North
174,Greek,6,1.260504202,Romanian,5,1.050420168,Italian,<5,,Serbian,<5,,Croatian,<5,,Cranbourne South
175,Samoan,224,1.26625212,Hindi,197,1.113623516,Dari,166,0.938383267,Italian,164,0.927077445,Spanish,159,0.898812889,Cranbourne
176,Samoan,219,2.603733207,Sinhalese,153,1.819046487,Tamil,142,1.688265367,Hindi,130,1.545595054,Punjabi,128,1.521816669,Cranbourne West
177,Greek,56,3.894297636,Italian,25,1.73852573,Cantonese,16,1.112656467,French,11,0.764951321,Spanish,10,0.695410292,Cremorne
179,Japanese,13,0.486526946,French,10,0.374251497,Slovene,5,0.187125749,Mandarin,5,0.187125749,German,<5,,Crib Point
180,Italian,46,0.90729783,Mandarin,38,0.749506903,Afrikaans,27,0.532544379,Greek,26,0.512820513,German,23,0.453648915,Croydon Hills
181,Italian,85,1.130319149,Mandarin,68,0.904255319,Cantonese,57,0.757978723,German,46,0.611702128,Afrikaans,35,0.465425532,Croydon North
182,Mandarin,48,1.097142857,Vietnamese,26,0.594285714,Persian (excluding Dari),19,0.434285714,German,18,0.411428571,Hindi,18,0.411428571,Croydon South
183,Mandarin,302,1.327589239,Italian,155,0.681378583,Dutch,147,0.646210656,Chin_Haka,142,0.624230702,German,139,0.611042729,Croydon
185,Turkish,1713,29.25704526,Arabic,1039,17.74551665,Assyrian (Neo-Aramaic),223,3.808710504,Vietnamese,145,2.476515798,Chaldean (Neo-Aramaic),113,1.929974381,Dallas
187,Greek,973,4.688026981,Arabic,964,4.644663936,Serbian,893,4.302577692,Vietnamese,802,3.864129126,Italian,666,3.208865334,Dandenong North
188,Dari,39,12.34177215,Hindi,14,4.430379747,Bosnian,13,4.113924051,Arabic,11,3.481012658,Punjabi,11,3.481012658,Dandenong South
189,Albanian,1599,6.927475955,Dari,1167,5.055887705,Tamil,947,4.102764059,Sinhalese,927,4.016116454,Punjabi,910,3.942465991,Dandenong
194,Vietnamese,1626,10.90323878,Maltese,578,3.875813049,Italian,471,3.158318246,Tagalog,391,2.621873533,Spanish,389,2.608462415,Deer Park
196,Vietnamese,844,10.59635907,Macedonian,486,6.101694915,Hakka,352,4.419334589,Maltese,313,3.929692404,Tagalog,256,3.214061519,Delahey
197,Vietnamese,714,12.78195489,Filipino,255,4.564983888,Tagalog,249,4.457572503,Cantonese,155,2.774794128,Mandarin,130,2.327246688,Derrimut
199,Italian,209,1.958395802,Macedonian,70,0.655922039,Greek,67,0.627811094,Spanish,29,0.27173913,German,28,0.262368816,Diamond Creek
202,Greek,378,3.795561803,Italian,146,1.466010644,Vietnamese,111,1.114569736,Turkish,95,0.953911035,Arabic,58,0.58238779,Dingley Village
204,Mandarin,486,10.17801047,Cantonese,257,5.382198953,Hindi,132,2.764397906,Korean,109,2.282722513,Arabic,83,1.738219895,Docklands
207,Cantonese,3628,13.80307411,Mandarin,2192,8.339674327,Greek,1825,6.943387612,Italian,988,3.7589408,Arabic,528,2.008826663,Doncaster East
208,Mandarin,2057,11.55682904,Cantonese,1820,10.22529356,Greek,1808,10.15787404,Italian,928,5.213776055,Korean,249,1.398954997,Doncaster
209,Cantonese,693,6.038163283,Italian,450,3.920885249,Greek,429,3.737910604,Mandarin,377,3.284830531,Arabic,153,1.333100985,Donvale
211,Italian,220,2.056266941,Greek,105,0.981400131,Macedonian,91,0.85054678,Arabic,57,0.532760071,Spanish,42,0.392560052,Doreen
212,Serbian,405,5.203648979,Tamil,231,2.968007195,Arabic,207,2.659642811,Dari,195,2.505460619,Sinhalese,187,2.402672491,Doveton
213,Greek,127,2.724737181,Italian,122,2.617464064,German,16,0.343273976,Dutch,16,0.343273976,Croatian,16,0.343273976,Dromana
220,Italian,282,7.355242567,Greek,135,3.521126761,Mandarin,72,1.877934272,Cantonese,35,0.912884716,Arabic,24,0.625978091,Eaglemont
223,Mandarin,86,2.052505967,Italian,84,2.00477327,Cantonese,66,1.575178998,German,57,1.360381862,Greek,47,1.121718377,East Melbourne
228,Greek,84,1.602747567,Italian,50,0.954016409,Russian,46,0.877695096,German,44,0.83953444,Mandarin,40,0.763213127,Edithvale
232,Greek,283,3.12638091,Russian,199,2.198409191,Hebrew,176,1.944321697,Yiddish,160,1.767565179,Italian,155,1.712328767,Elsternwick
233,Italian,160,2.397003745,Greek,66,0.988764045,Macedonian,50,0.74906367,German,31,0.464419476,Dutch,29,0.434456929,Eltham North
234,Italian,296,1.674208145,Greek,175,0.989819005,German,119,0.673076923,Mandarin,85,0.480769231,Macedonian,82,0.463800905,Eltham
235,Greek,269,2.013322356,Russian,221,1.654067809,Italian,212,1.586707582,French,158,1.182546217,German,131,0.980465534,Elwood
236,German,38,0.675795839,Dutch,38,0.675795839,Italian,30,0.53352303,Hungarian,19,0.337897919,Greek,18,0.320113818,Emerald
237,Arabic,864,3.6323888,Sinhalese,742,3.119482048,Mandarin,660,2.774741445,Greek,627,2.636004372,Serbian,625,2.627596065,Endeavour Hills
239,Macedonian,1911,7.572815534,Italian,1433,5.678620963,Arabic,1144,4.53338617,Greek,928,3.677432138,Punjabi,853,3.380225877,Epping
241,Italian,161,7.61589404,Greek,66,3.122043519,Hindi,35,1.655629139,Mandarin,26,1.229895932,Spanish,15,0.709555345,Essendon North
242,Italian,1092,6.086956522,Greek,569,3.171683389,Mandarin,239,1.332218506,Hindi,218,1.21516165,Arabic,165,0.919732441,Essendon
243,Italian,73,5.367647059,Greek,26,1.911764706,Cantonese,22,1.617647059,Arabic,21,1.544117647,Mandarin,20,1.470588235,Essendon West
244,Serbian,98,5.788541051,Sinhalese,45,2.658003544,Arabic,41,2.421736562,Dari,34,2.008269344,Mandarin,34,2.008269344,Eumemmerring
247,Greek,429,7.586206897,Italian,271,4.792219275,Mandarin,109,1.92749779,Cantonese,65,1.149425287,Hindi,64,1.131741821,Fairfield
249,Italian,2313,19.47953512,Arabic,1352,11.386222,Urdu,773,6.510021897,Greek,577,4.859356577,Turkish,420,3.53713997,Fawkner
250,Italian,334,1.34002006,Mandarin,321,1.287863591,Cantonese,257,1.03109328,German,214,0.858575727,Greek,160,0.641925777,Ferntree Gully
251,German,12,0.81799591,Spanish,10,0.681663258,Hungarian,8,0.545330607,Japanese,5,0.340831629,Dutch,<5,,Ferny Creek
253,Italian,594,5.489833641,Greek,322,2.975970425,Mandarin,131,1.210720887,Vietnamese,119,1.099815157,Arabic,100,0.924214418,Fitzroy North
254,Vietnamese,482,5.746989388,Cantonese,263,3.135805413,Mandarin,209,2.49195183,Greek,163,1.943483963,Arabic,160,1.90771432,Fitzroy
255,Vietnamese,451,6.557138703,Somali,359,5.219540564,Cantonese,350,5.088688572,Arabic,330,4.797906368,Mandarin,215,3.125908694,Flemington
258,Vietnamese,1577,13.68685992,Mandarin,578,5.016490193,Cantonese,405,3.515014754,Greek,288,2.499566048,Bengali,283,2.456170804,Footscray
259,Cantonese,676,7.003729797,Mandarin,670,6.941566515,Greek,315,3.263572317,Italian,182,1.885619561,Vietnamese,182,1.885619561,Forest Hill
262,Bosnian,50,0.951655881,Greek,42,0.79939094,Arabic,34,0.647125999,Nuer,34,0.647125999,Russian,32,0.609059764,Frankston North
263,Italian,193,1.136430548,Greek,150,0.883236177,German,126,0.741918389,Mandarin,100,0.588824118,Dutch,70,0.412176883,Frankston South
264,Greek,371,1.1289979,Malayalam,276,0.839901403,Mandarin,272,0.827728919,Italian,248,0.754694014,German,185,0.56297739,Frankston
265,Russian,27,2.915766739,French,18,1.943844492,Hebrew,18,1.943844492,Hindi,18,1.943844492,Mandarin,18,1.943844492,Gardenvale
268,Italian,570,7.122329127,Arabic,569,7.109833812,Greek,346,4.323378733,Turkish,207,2.586530051,Sinhalese,130,1.624390853,Gladstone Park
269,Mandarin,393,9.103544128,Russian,282,6.532314107,Hindi,181,4.19272643,Gujarati,132,3.057678944,Telugu,126,2.918693537,Glen Huntly
270,Greek,937,3.918698507,Mandarin,754,3.153360378,Cantonese,411,1.718874158,Italian,309,1.29229225,Gujarati,252,1.053908243,Glen Iris
271,Mandarin,4859,12.84600132,Cantonese,3432,9.073364177,Sinhalese,1168,3.087904825,Greek,972,2.569729015,Tamil,968,2.559153999,Glen Waverley
275,Arabic,1752,9.52743488,Italian,1505,8.184240579,Turkish,839,4.562510196,Greek,558,3.034422753,Punjabi,383,2.082766871,Glenroy
282,Italian,180,6.849315068,Hindi,86,3.272450533,Turkish,83,3.158295282,Sinhalese,62,2.359208524,Greek,57,2.168949772,Gowanbrae
286,Italian,670,3.364805143,Greek,333,1.672358377,Mandarin,223,1.119927682,Macedonian,202,1.01446364,Arabic,152,0.763358779,Greensborough
287,Italian,1522,13.27518535,Turkish,833,7.265590929,Arabic,741,6.463148713,Greek,359,3.13126908,Assyrian (Neo-Aramaic),224,1.953772351,Greenvale
290,Arabic,703,14.05718856,Italian,688,13.75724855,Greek,238,4.75904819,Turkish,198,3.959208158,Maltese,123,2.459508098,Hadfield
291,Dari,481,4.928278689,Arabic,390,3.995901639,Sinhalese,346,3.545081967,Punjabi,230,2.356557377,Spanish,216,2.213114754,Hallam
295,Russian,167,3.99808475,Greek,160,3.830500359,Mandarin,87,2.08283457,Polish,70,1.675843907,Italian,45,1.077328226,Hampton East
296,Sinhalese,932,4.121523018,Dari,586,2.591429709,French,564,2.494140539,Hindi,502,2.219961969,Khmer,495,2.189006324,Hampton Park
297,Greek,216,1.815583761,Italian,195,1.639068673,Russian,144,1.210389174,Mandarin,132,1.109523409,French,103,0.865764478,Hampton
299,Afrikaans,6,1.583113456,Maori (New Zealand),6,1.583113456,Thai,5,1.319261214,French,<5,,Croatian,<5,,Harkaway
301,German,33,0.420328621,Dutch,21,0.267481849,Tagalog,20,0.254744619,Italian,18,0.229270157,Cantonese,14,0.178321233,Hastings
302,Mandarin,491,3.978285529,Greek,344,2.787230595,Gujarati,214,1.733916707,Italian,207,1.677199806,Cantonese,207,1.677199806,Hawthorn East
303,Mandarin,824,4.120412041,Cantonese,405,2.02520252,Greek,379,1.895189519,Gujarati,345,1.725172517,Hindi,323,1.615161516,Hawthorn
307,Mandarin,94,3.627942879,Russian,86,3.319181783,Italian,71,2.740254728,Greek,66,2.547279043,Cantonese,43,1.659590892,Heatherton
308,Mandarin,125,1.385348554,Cantonese,100,1.108278843,Italian,58,0.642801729,Greek,47,0.520891056,Dutch,44,0.487642691,Heathmont
309,Italian,259,4.315947342,Greek,203,3.382769538,Somali,179,2.982836194,Mandarin,156,2.599566739,Arabic,106,1.766372271,Heidelberg Heights
310,Italian,215,3.949301984,Mandarin,163,2.994121969,Greek,132,2.42468773,Cantonese,95,1.745040411,Malayalam,66,1.212343865,Heidelberg
311,Somali,501,10.17878911,Arabic,180,3.65704998,Mandarin,157,3.18976026,Vietnamese,150,3.04754165,Cantonese,87,1.767574157,Heidelberg West
315,Greek,410,4.190086868,Russian,213,2.176801226,Italian,140,1.430761369,Mandarin,136,1.389882473,Polish,102,1.042411855,Highett
321,Italian,840,2.343880797,Arabic,690,1.925330655,Hindi,494,1.378425135,Filipino,455,1.269602098,Maltese,449,1.252860093,Hoppers Crossing
323,Greek,912,13.5391924,Mandarin,453,6.725059382,Italian,146,2.167458432,Gujarati,125,1.855700713,Cantonese,110,1.633016627,Hughesdale
324,Greek,142,8.294392523,Mandarin,114,6.658878505,Italian,89,5.198598131,Cantonese,46,2.686915888,Vietnamese,39,2.278037383,Huntingdale
325,Spanish,15,0.56561086,Dutch,13,0.490196078,Greek,11,0.414781297,Italian,10,0.377073906,Japanese,10,0.377073906,Hurstbridge
332,Italian,215,5.92123382,Greek,144,3.965849628,Mandarin,66,1.81768108,Cantonese,30,0.826218673,Spanish,25,0.68851556,Ivanhoe East
333,Italian,428,4.012750797,Greek,403,3.778361148,Mandarin,349,3.272079505,Cantonese,171,1.603225202,Tamil,66,0.618788674,Ivanhoe
334,Arabic,105,5.879059351,Turkish,58,3.247480403,Greek,42,2.35162374,Cantonese,39,2.183650616,Vietnamese,38,2.127659574,Jacana
337,Italian,20,1.912045889,German,12,1.147227533,Dutch,8,0.764818356,Arabic,6,0.573613767,Khmer,6,0.573613767,Junction Village
339,German,23,1.516150297,Thai,11,0.725115359,Hebrew,10,0.659195781,Afrikaans,9,0.593276203,Dutch,7,0.461437047,Kallista
340,Spanish,17,1.479547433,Greek,11,0.957354221,German,10,0.870322019,Afrikaans,8,0.696257615,Serbian,7,0.609225413,Kalorama
345,Vietnamese,319,10.58745436,Italian,108,3.584467308,Arabic,102,3.385330236,Croatian,94,3.119814139,Greek,88,2.920677066,Kealba
346,Vietnamese,666,6.728632047,Greek,604,6.102242877,Macedonian,517,5.22327743,Italian,508,5.13234997,Arabic,429,4.334208931,Keilor Downs
347,Italian,1726,13.59376231,Greek,776,6.111679924,Vietnamese,307,2.417893991,Arabic,227,1.787823895,Cantonese,199,1.567299362,Keilor East
348,Italian,138,8.074897601,Croatian,79,4.622586308,Greek,60,3.510825044,Maltese,37,2.165008777,Arabic,36,2.106495026,Keilor Lodge
349,Italian,22,25.58139535,Turkish,7,8.139534884,Croatian,5,5.813953488,Greek,<5,,,,,Keilor North
350,Italian,513,20.71053694,Greek,120,4.844570044,Arabic,52,2.099313686,Maltese,33,1.332256762,Assyrian (Neo-Aramaic),27,1.09002826,Keilor Park
351,Italian,356,6.441107291,Greek,192,3.473855618,Croatian,135,2.442554731,Macedonian,73,1.320788855,Arabic,73,1.320788855,Keilor
353,Cantonese,384,4.185742315,Mandarin,373,4.065838239,Vietnamese,344,3.749727491,Italian,197,2.147373011,Somali,153,1.667756704,Kensington
355,Greek,328,5.622214604,Italian,262,4.490915324,Mandarin,243,4.165238258,Cantonese,176,3.01679808,Vietnamese,82,1.405553651,Kew East
356,Mandarin,1132,4.978888107,Greek,774,3.404292752,Cantonese,637,2.801724138,Italian,580,2.551020408,Vietnamese,319,1.403061224,Kew
357,Vietnamese,2669,14.00902792,Khmer,1539,8.077892085,Cantonese,943,4.949611589,Turkish,657,3.448456855,Mandarin,525,2.755616208,Keysborough
361,Hindi,18,0.602006689,Italian,17,0.568561873,Vietnamese,16,0.535117057,Macedonian,14,0.468227425,Polish,14,0.468227425,Kilsyth South
362,Dutch,126,1.302325581,German,67,0.69250646,Greek,48,0.496124031,Italian,48,0.496124031,Spanish,29,0.299741602,Kilsyth
365,Vietnamese,1616,20.77120823,Macedonian,591,7.596401028,Maltese,324,4.164524422,Arabic,250,3.213367609,Cantonese,238,3.059125964,Kings Park
366,Mandarin,345,10.61211935,Vietnamese,231,7.105505998,Italian,205,6.305752076,Greek,183,5.629037219,Macedonian,81,2.491541064,Kingsbury
367,Greek,124,3.802514566,Vietnamese,114,3.495860166,Italian,84,2.575896964,Macedonian,59,1.809260963,Cantonese,50,1.533272002,Kingsville
368,Mandarin,206,2.938659058,Cantonese,201,2.867332382,Sinhalese,132,1.883024251,Greek,92,1.312410842,Italian,72,1.027104137,Knoxfield
371,Mandarin,22,2.831402831,Spanish,16,2.059202059,French,14,1.801801802,Italian,8,1.02960103,Indonesian,8,1.02960103,Kooyong
382,Arabic,2035,10.6824147,Macedonian,1998,10.48818898,Italian,1985,10.41994751,Greek,1621,8.509186352,Vietnamese,1217,6.388451444,Lalor
385,Italian,23,2.079566004,Greek,9,0.813743219,Arabic,9,0.813743219,Hungarian,8,0.723327306,German,6,0.542495479,Langwarrin South
386,Italian,119,0.570661296,Dutch,104,0.4987292,Greek,95,0.455569942,German,76,0.364455954,Arabic,71,0.340478588,Langwarrin
388,Maori (New Zealand),5,7.936507937,,,,,,,,,,,,,Laverton North
389,Punjabi,329,8.581116328,Karen,278,7.250912885,Hindi,113,2.947313511,Arabic,74,1.930099113,Vietnamese,74,1.930099113,Laverton
395,Italian,377,2.481079302,Dutch,108,0.710760118,Mandarin,77,0.50674564,German,75,0.493583416,Spanish,30,0.197433366,Lilydale
403,Italian,91,2.476190476,Greek,49,1.333333333,Mandarin,46,1.25170068,Macedonian,30,0.816326531,French,25,0.680272109,Lower Plenty
404,Sinhalese,257,3.962380512,Hindi,253,3.90070922,Mandarin,189,2.913968548,Khmer,188,2.898550725,Punjabi,157,2.420598212,Lynbrook
405,Sinhalese,241,5.074752579,Hindi,122,2.568961887,Tamil,104,2.189934723,Punjabi,95,2.000421141,Mandarin,90,1.895135818,Lyndhurst
406,Serbian,23,2.513661202,Romanian,17,1.857923497,Italian,16,1.74863388,Croatian,12,1.31147541,Polish,12,1.31147541,Lysterfield South
407,Italian,173,2.76578737,Greek,109,1.742605915,Arabic,104,1.662669864,Mandarin,70,1.119104716,Tamil,42,0.67146283,Lysterfield
410,Italian,366,3.946942737,Mandarin,235,2.534239189,Macedonian,170,1.833279413,Greek,146,1.574463496,Cantonese,119,1.283295589,Macleod
414,Vietnamese,1506,21.41942825,Cantonese,398,5.660645712,Mandarin,233,3.313895605,Italian,171,2.432086474,Spanish,139,1.976959181,Maidstone
418,Greek,1268,6.566885908,Mandarin,975,5.049458802,Cantonese,366,1.89548915,Italian,329,1.703868662,Indonesian,191,0.989176032,Malvern East
419,Greek,366,4.02595974,Mandarin,190,2.0899791,Italian,123,1.35298647,Cantonese,89,0.97899021,Gujarati,86,0.94599054,Malvern
422,Vietnamese,1321,13.81943718,Cantonese,703,7.354325766,Mandarin,519,5.429438226,Italian,380,3.975311225,Spanish,217,2.270111936,Maribyrnong
428,Italian,26,1.093355761,Greek,16,0.672834315,Croatian,11,0.462573591,Dutch,8,0.336417157,German,6,0.252312868,McCrae
429,Mandarin,203,3.752310536,Russian,202,3.733826248,Greek,200,3.696857671,Hebrew,101,1.866913124,Italian,66,1.219963031,McKinnon
430,Turkish,3904,27.63502513,Arabic,2301,16.28795923,Vietnamese,730,5.167409924,Assyrian (Neo-Aramaic),725,5.132016706,Chaldean (Neo-Aramaic),529,3.744602534,Meadow Heights
432,Vietnamese,6,6.741573034,Spanish,5,5.617977528,Italian,5,5.617977528,,,,,,,Melbourne Airport
433,Mandarin,4204,16.8679533,Cantonese,1732,6.949404165,Indonesian,1332,5.34446094,Korean,715,2.868836015,Hindi,593,2.379328331,Melbourne
435,Greek,523,4.675487216,Mandarin,203,1.814768461,Italian,196,1.752190238,Russian,110,0.983372072,Turkish,77,0.688360451,Mentone
436,German,10,1.594896332,Italian,9,1.435406699,Latvian,6,0.956937799,Czech,5,0.797448166,Dutch,<5,,Menzies Creek
439,Italian,219,3.516377649,Macedonian,162,2.601156069,Greek,148,2.376364804,Arabic,79,1.268464997,Mandarin,63,1.011560694,Mernda
442,Greek,282,7.301916106,Italian,88,2.278612118,Spanish,31,0.802692905,Polish,20,0.51786639,German,19,0.491973071,Middle Park
445,Italian,2022,6.871007204,Macedonian,1936,6.57876852,Greek,1706,5.797199946,Arabic,1203,4.087943455,Mandarin,430,1.461193421,Mill Park
449,Mandarin,671,4.675306577,Cantonese,582,4.055183946,Italian,269,1.874303233,Vietnamese,156,1.086956522,Greek,123,0.857023411,Mitcham
452,Dutch,46,1.767191702,German,24,0.922013062,Italian,15,0.576258164,Hungarian,13,0.499423742,Czech,11,0.42258932,Monbulk
453,Mandarin,339,6.811332128,Cantonese,262,5.264215391,Greek,122,2.451275869,Italian,93,1.868595539,Hindi,32,0.642957605,Mont Albert North
454,Mandarin,306,6.360424028,Cantonese,185,3.845354396,Greek,56,1.163999169,Italian,47,0.976927874,Korean,44,0.914570775,Mont Albert
455,Italian,136,1.59213299,Greek,60,0.702411613,Mandarin,49,0.573636151,German,46,0.53851557,Spanish,33,0.386326387,Montmorency
456,Dutch,78,1.230866341,German,74,1.16774499,Italian,21,0.331387092,Tagalog,13,0.20514439,Cantonese,10,0.157803377,Montrose
458,Italian,1194,9.245779774,Greek,495,3.833049404,Cantonese,146,1.130555986,Mandarin,132,1.022146508,Spanish,131,1.014402974,Moonee Ponds
459,Greek,292,5.802861685,Russian,164,3.259141494,Mandarin,157,3.120031797,Italian,132,2.623211447,Arabic,79,1.569952305,Moorabbin
460,Italian,245,1.21509696,Mandarin,154,0.763775232,German,121,0.600109111,Chin_Haka,97,0.481079204,Dutch,79,0.391806775,Mooroolbark
461,Greek,298,4.13028413,Mandarin,134,1.857241857,Italian,127,1.76022176,Russian,122,1.690921691,German,32,0.443520444,Mordialloc
462,Italian,167,0.782238044,Greek,140,0.65576842,Spanish,73,0.34193639,German,65,0.304463909,Dutch,63,0.295095789,Mornington
468,Dutch,17,1.415487094,Greek,9,0.74937552,French,7,0.582847627,Afrikaans,6,0.49958368,Japanese,6,0.49958368,Mount Dandenong
470,Greek,140,0.846586443,Italian,107,0.647033924,German,92,0.556328234,Mandarin,80,0.483763681,Croatian,61,0.368869807,Mount Eliza
471,Dutch,73,0.801493193,Italian,60,0.658761528,German,49,0.537988581,Polish,25,0.27448397,Auslan,22,0.241545894,Mount Evelyn
474,Italian,144,0.899494035,Greek,84,0.524704854,German,81,0.505965394,Dutch,44,0.274845399,Spanish,34,0.212380536,Mount Martha
476,Mandarin,2511,8.028776978,Greek,1953,6.244604317,Cantonese,1409,4.505195843,Sinhalese,879,2.810551559,Italian,574,1.835331735,Mount Waverley
478,Greek,1579,9.191989754,Mandarin,1061,6.176504832,Cantonese,645,3.754802655,Italian,640,3.725695657,Vietnamese,569,3.312376295,Mulgrave
487,Italian,220,3.846153846,Romanian,115,2.01048951,Greek,95,1.660839161,Mandarin,80,1.398601399,Croatian,67,1.171328671,Narre Warren North
488,Dari,871,3.132868139,Sinhalese,741,2.665275879,Spanish,531,1.909934537,Arabic,445,1.600604273,Hindi,395,1.420761096,Narre Warren South
489,Sinhalese,571,2.293080599,Dari,444,1.783060921,Arabic,406,1.630456608,Spanish,356,1.429661459,Mandarin,319,1.281073049,Narre Warren
497,Greek,403,3.542234332,Arabic,384,3.375230729,Italian,279,2.452316076,Macedonian,186,1.634877384,Croatian,68,0.597697108,Newport
500,Italian,315,6.662436548,Greek,143,3.024534687,Croatian,88,1.861252115,Ukrainian,53,1.120981387,Cantonese,43,0.909475465,Niddrie
502,Greek,498,7.099073414,Vietnamese,403,5.744832502,Arabic,224,3.19315752,Sinhalese,212,3.02209551,Italian,200,2.8510335,Noble Park North
503,Vietnamese,2977,11.05048255,Khmer,1522,5.649591685,Sinhalese,996,3.697104677,Punjabi,993,3.68596882,Cantonese,753,2.795100223,Noble Park
507,Mandarin,964,9.199351083,Cantonese,615,5.868880618,Somali,442,4.217959729,Vietnamese,281,2.681553583,Arabic,233,2.223494608,North Melbourne
509,Greek,35,1.337409247,German,25,0.955292319,Italian,24,0.917080627,French,15,0.573175392,Dutch,13,0.496752006,North Warrandyte
510,Greek,2202,10.04516217,Italian,1048,4.780803795,Vietnamese,274,1.249942977,Arabic,245,1.117649742,Mandarin,232,1.058345878,Northcote
511,Mandarin,322,16.50435674,Cantonese,86,4.4079959,Sinhalese,76,3.895438237,Vietnamese,60,3.075345976,Greek,38,1.947719118,Notting Hill
513,Mandarin,618,5.904834703,Cantonese,483,4.614943627,Vietnamese,204,1.949168737,Italian,178,1.70074527,Greek,154,1.471431301,Nunawading
516,Italian,295,5.347108936,Turkish,176,3.190139569,Arabic,157,2.845749502,Mandarin,154,2.791372123,Greek,127,2.301975711,Oak Park
517,Greek,632,11.08383024,Mandarin,496,8.69870221,Italian,454,7.962118555,Cantonese,140,2.45527885,Sinhalese,116,2.034373904,Oakleigh East
518,Greek,1255,14.31504506,Italian,307,3.501767994,Mandarin,296,3.376297479,Russian,177,2.018934641,Cantonese,176,2.007528231,Oakleigh South
519,Greek,1020,14.10983539,Mandarin,414,5.726933186,Italian,252,3.48595933,Cantonese,151,2.088808964,Korean,85,1.175819615,Oakleigh
521,Italian,16,1.221374046,Arabic,15,1.145038168,Sinhalese,10,0.763358779,Hindi,9,0.687022901,Somali,9,0.687022901,Officer
522,German,16,1.323407775,Italian,14,1.157981803,Dutch,12,0.992555831,Auslan,9,0.744416873,Afrikaans,7,0.578990902,Olinda
525,Mandarin,357,4.798387097,Greek,301,4.045698925,Russian,271,3.642473118,Hebrew,169,2.271505376,Hindi,131,1.760752688,Ormond
529,German,5,2.202643172,Spanish,5,2.202643172,,,,,,,,,,Panton Hill
530,Italian,102,2.834120589,German,24,0.666851903,Greek,23,0.639066407,Cantonese,21,0.583495415,Afrikaans,20,0.555709919,Park Orchards
531,Greek,256,2.376752391,Italian,133,1.23479714,Russian,125,1.160523628,Mandarin,101,0.937703092,German,70,0.649893232,Parkdale
532,Mandarin,483,8.408774373,Cantonese,239,4.16086351,Italian,102,1.775766017,Malay,80,1.39275766,French,60,1.044568245,Parkville
533,Italian,1063,11.56566206,Greek,910,9.900990099,Arabic,277,3.013817865,Spanish,74,0.805135459,Mandarin,73,0.79425525,Pascoe Vale South
534,Italian,1657,11.6854725,Arabic,722,5.09167842,Greek,685,4.830747532,Turkish,267,1.882933709,Mandarin,198,1.396332863,Pascoe Vale
535,Greek,182,2.515897152,Italian,117,1.617362455,Mandarin,98,1.354713851,Cantonese,85,1.175006912,Arabic,83,1.14735969,Patterson Lakes
541,Italian,83,5.861581921,Greek,31,2.189265537,Croatian,14,0.988700565,Macedonian,11,0.776836158,Arabic,11,0.776836158,Plenty
542,Mandarin,1809,5.790467655,Hindi,930,2.976857335,Cantonese,785,2.512723664,Indonesian,578,1.850132838,Vietnamese,513,1.642072917,Point Cook
548,Greek,894,6.626148829,Italian,225,1.667654907,Mandarin,157,1.163652535,Cantonese,123,0.911651349,Russian,120,0.88941595,Port Melbourne
550,Italian,5,1.204819277,Greek,<5,,,,,,,,,,,Portsea
551,Greek,711,6.955585991,Mandarin,179,1.751125024,Cantonese,138,1.350029348,Italian,135,1.320680884,French,120,1.173938564,Prahran
552,Greek,2327,8.377132983,Italian,2117,7.621139031,Mandarin,1129,4.064367485,Arabic,954,3.434372525,Vietnamese,882,3.175174599,Preston
553,Italian,104,5.263157895,Greek,44,2.226720648,Mandarin,28,1.417004049,Somali,27,1.366396761,Arabic,23,1.163967611,Princes Hill
564,Italian,31,1.430549146,Greek,21,0.96908168,Dutch,8,0.369173973,Cantonese,6,0.27688048,Danish,5,0.230733733,Research
565,Italian,6059,13.47402597,Greek,2867,6.375644903,Arabic,2454,5.457214019,Mandarin,1465,3.257872265,Macedonian,1148,2.552926526,Reservoir
567,Vietnamese,1724,7.776975821,Greek,1248,5.629736557,Cantonese,498,2.246481415,Mandarin,428,1.930710935,Hakka,403,1.817935763,Richmond
569,Mandarin,207,2.205177373,Cantonese,126,1.342281879,Greek,66,0.703100032,Vietnamese,62,0.660487909,Punjabi,57,0.607222755,Ringwood East
570,Italian,213,2.263068423,Mandarin,147,1.561835954,Cantonese,104,1.104972376,Greek,71,0.754356141,German,47,0.499362516,Ringwood North
571,Mandarin,561,3.627311522,Cantonese,333,2.153110048,Punjabi,195,1.260830208,Italian,156,1.008664167,Hindi,155,1.002198371,Ringwood
572,Yiddish,49,3.41939986,Mandarin,31,2.163293789,Greek,28,1.953942777,Hebrew,27,1.884159107,Italian,26,1.814375436,Ripponlea
577,Italian,453,5.941762854,Mandarin,172,2.256033578,Greek,117,1.534627492,Cantonese,89,1.167366212,Croatian,70,0.9181532,Rosanna
578,Italian,155,1.29717968,Greek,105,0.878734622,German,33,0.276173738,Dutch,31,0.259435936,French,24,0.200853628,Rosebud
579,Italian,91,2.161006887,Greek,25,0.593683211,Malayalam,14,0.332462598,German,13,0.30871527,Turkish,10,0.237473284,Rosebud West
581,Mandarin,987,2.962095976,Cantonese,847,2.541940518,Italian,755,2.26583836,Greek,638,1.914708442,Arabic,614,1.842681792,Rowville
582,Turkish,3018,16.5369863,Arabic,2536,13.89589041,Chaldean (Neo-Aramaic),1257,6.887671233,Assyrian (Neo-Aramaic),1115,6.109589041,Sinhalese,596,3.265753425,Roxburgh Park
585,Italian,203,2.681283846,Greek,158,2.08691058,Croatian,41,0.541540087,German,34,0.449082024,French,11,0.145291243,Rye
586,Italian,124,3.835446953,Greek,81,2.505412929,Maltese,14,0.433034333,French,13,0.40210331,Croatian,13,0.40210331,Safety Beach
590,Spanish,40,1.333777926,Tagalog,38,1.26708903,Greek,36,1.200400133,Afrikaans,32,1.067022341,Mandarin,28,0.933644548,Sandhurst
591,Greek,127,1.416778224,Italian,117,1.305220884,German,103,1.149040607,Russian,74,0.82552432,French,55,0.613565373,Sandringham
593,German,14,1.265822785,Dutch,11,0.994575045,Greek,8,0.723327306,Italian,7,0.632911392,Spanish,5,0.452079566,Sassafras
595,Mandarin,225,3.916449086,Cantonese,216,3.759791123,Sinhalese,142,2.471714534,Greek,89,1.549173194,Tamil,80,1.392515231,Scoresby
597,Arabic,150,3.165892782,Italian,103,2.173913043,Vietnamese,101,2.13170114,Macedonian,99,2.089489236,Greek,82,1.730688054,Seabrook
598,Greek,166,1.102623713,German,146,0.969777483,Italian,122,0.810362006,Russian,115,0.763865825,Spanish,79,0.52474261,Seaford
599,Maltese,49,2.695269527,Italian,42,2.310231023,Greek,40,2.200220022,Mandarin,25,1.375137514,Croatian,24,1.320132013,Seaholme
601,Vietnamese,316,6.880034836,Greek,173,3.76660135,Macedonian,117,2.54735467,Cantonese,70,1.52405835,Italian,67,1.458741563,Seddon
602,Dutch,19,1.19873817,German,14,0.883280757,Mandarin,11,0.694006309,Japanese,11,0.694006309,Danish,6,0.378548896,Selby
607,German,5,1.908396947,Czech,5,1.908396947,Romanian,<5,,Italian,<5,,,,,Sherbrooke
609,Greek,82,1.13904709,Spanish,65,0.902903181,Sinhalese,58,0.805667454,Dari,57,0.791776636,Tagalog,56,0.777885817,Skye
615,Italian,43,0.438730742,German,34,0.346903377,Dutch,34,0.346903377,Mandarin,17,0.173451689,Greek,15,0.153045608,Somerville
616,Italian,35,2.556610665,Dutch,5,0.365230095,Hungarian,5,0.365230095,Serbian,5,0.365230095,French,<5,,Sorrento
617,Arabic,104,5.973578403,Greek,36,2.06777714,Italian,36,2.06777714,Serbian,36,2.06777714,Vietnamese,29,1.665709362,South Kingsville
618,Greek,326,3.807521607,Russian,266,3.106750759,Mandarin,260,3.036673674,Indonesian,188,2.195748657,Italian,123,1.436580238,South Melbourne
619,Macedonian,1215,6.069840635,Italian,1177,5.880001998,Greek,527,2.632762152,Arabic,491,2.452915022,Punjabi,343,1.713543488,South Morang
620,Mandarin,8,15.38461538,Greek,6,11.53846154,,,,,,,,,,South Wharf
621,Mandarin,491,2.836674562,Greek,395,2.282049801,Cantonese,329,1.900745277,Russian,290,1.675428968,French,205,1.18435496,South Yarra
622,Mandarin,1178,11.78353506,Indonesian,690,6.902070621,Cantonese,531,5.311593478,Arabic,202,2.020606182,Korean,185,1.850555167,Southbank
623,Italian,105,4.693786321,Greek,65,2.905677246,Mandarin,33,1.475189987,Croatian,29,1.296379079,Macedonian,29,1.296379079,Spotswood
625,Vietnamese,2917,25.12922123,Khmer,1613,13.89558925,Cantonese,819,7.05547898,Greek,312,2.687801516,Mandarin,292,2.515506547,Springvale South
626,Vietnamese,4860,25.80850725,Cantonese,1637,8.693112421,Punjabi,1374,7.29647921,Khmer,921,4.890871435,Mandarin,907,4.816525941,Springvale
627,Vietnamese,7841,24.29961572,Maltese,1602,4.964670881,Punjabi,1424,4.413040783,Croatian,1146,3.551506136,Cantonese,1077,3.337671997,St Albans
630,Italian,121,4.357220022,Greek,34,1.224342816,Mandarin,27,0.972272236,Macedonian,14,0.50414116,Serbian,12,0.432120994,St Helena
631,Hebrew,487,4.151393743,Russian,382,3.256329384,Yiddish,379,3.230756116,Greek,205,1.747506606,Polish,124,1.057028386,St Kilda East
632,Russian,276,1.735849057,French,240,1.509433962,Greek,221,1.389937107,Spanish,196,1.232704403,Italian,192,1.20754717,St Kilda
633,Greek,79,3.014116749,Hindi,32,1.22090805,German,31,1.182754674,French,28,1.068294544,Spanish,28,1.068294544,St Kilda West
640,Greek,35,3.816793893,Italian,33,3.598691385,Arabic,19,2.071973828,Sinhalese,17,1.85387132,Ukrainian,12,1.308615049,Strathmore Heights
641,Italian,370,4.729038855,Greek,223,2.850204499,Turkish,91,1.163087935,Arabic,89,1.137525562,Mandarin,53,0.677402863,Strathmore
642,Italian,388,1.217140348,Maltese,156,0.489365707,Greek,126,0.395256917,German,122,0.382709078,Croatian,102,0.319969885,Sunbury
644,Vietnamese,3371,33.65951073,Maltese,627,6.260609086,Cantonese,585,5.841238143,Italian,371,3.704443335,Spanish,204,2.036944583,Sunshine North
645,Vietnamese,1249,15.26148583,Punjabi,325,3.971163245,Greek,244,2.981427175,Cantonese,224,2.737047898,Italian,221,2.700391007,Sunshine
646,Vietnamese,3277,20.76810951,Greek,1201,7.611382217,Maltese,798,5.057354712,Macedonian,555,3.517333164,Italian,530,3.358894734,Sunshine West
648,Mandarin,441,3.468890112,Greek,283,2.226067805,Cantonese,212,1.667584362,Italian,139,1.093368992,Vietnamese,65,0.511287658,Surrey Hills
650,Punjabi,449,4.618866372,Italian,338,3.477008538,Croatian,328,3.374138463,Macedonian,311,3.199259335,Arabic,241,2.47916881,Sydenham
656,Hindi,755,3.727290679,Filipino,470,2.320300158,Tagalog,467,2.305489731,Punjabi,439,2.167259084,Arabic,403,1.989533965,Tarneit
659,Macedonian,629,5.51319134,Vietnamese,482,4.224734858,Italian,332,2.909983346,Maltese,332,2.909983346,Croatian,300,2.629503024,Taylors Hill
660,Italian,923,5.888732934,Greek,740,4.721194335,Macedonian,717,4.574454511,Arabic,544,3.470715835,Croatian,530,3.381395942,Taylors Lakes
661,Dutch,16,0.807265388,German,15,0.756811302,Italian,12,0.605449041,Mandarin,11,0.554994955,Greek,9,0.454086781,Tecoma
663,Greek,1322,10.49622866,Cantonese,834,6.621675268,Mandarin,805,6.391425169,Italian,765,6.073838825,Arabic,247,1.961095673,Templestowe Lower
664,Greek,1269,7.92233737,Cantonese,1186,7.404170308,Italian,834,5.206642527,Mandarin,808,5.044325134,Arabic,417,2.603321264,Templestowe
666,German,44,1.077375122,Dutch,27,0.661116552,Italian,21,0.514201763,Mandarin,15,0.367286974,Romanian,11,0.269343781,The Basin
667,German,13,1.26953125,Dutch,10,0.9765625,Polish,<5,,Thai,<5,,Italian,<5,,The Patch
668,Macedonian,2417,12.49353872,Italian,2263,11.69750853,Arabic,1720,8.890726765,Vietnamese,1580,8.167062959,Greek,1570,8.115372687,Thomastown
670,Greek,1714,10.44230535,Italian,1250,7.615450225,Arabic,417,2.540514195,Hindi,240,1.462166443,Vietnamese,234,1.425612282,Thornbury
676,Mandarin,334,2.784493539,Cantonese,231,1.925802418,Greek,194,1.617340559,Italian,151,1.258857857,Hindi,130,1.08378491,Toorak
677,Italian,95,3.824476651,Greek,44,1.771336554,Croatian,25,1.006441224,German,13,0.523349436,Maltese,8,0.322061192,Tootgarook
683,Mandarin,146,9.217171717,Cantonese,95,5.997474747,Arabic,60,3.787878788,Korean,30,1.893939394,Indonesian,27,1.704545455,Travancore
685,Arabic,324,4.187669639,Hindi,286,3.6965232,Punjabi,279,3.606048856,Urdu,278,3.59312395,Mandarin,197,2.54620654,Truganina
686,Italian,469,7.862531433,Greek,322,5.398155909,Arabic,301,5.046102263,Maltese,103,1.726739313,Assyrian (Neo-Aramaic),100,1.676445935,Tullamarine
688,German,20,0.689893067,Greek,20,0.689893067,Italian,12,0.41393584,Dutch,7,0.241462573,Thai,6,0.20696792,Tyabb
694,German,45,1.476862488,Gaelic,18,0.590744995,Italian,16,0.525106662,Dutch,12,0.393829997,Spanish,10,0.328191664,Upper Ferntree Gully
695,German,80,1.187648456,Italian,28,0.41567696,Polish,26,0.385985748,Dutch,25,0.371140143,Afrikaans,21,0.31175772,Upwey
698,Mandarin,738,6.672694394,Cantonese,708,6.401446655,Greek,620,5.605786618,Italian,337,3.047016275,Sinhalese,112,1.012658228,Vermont South
699,Mandarin,390,4.014823965,Cantonese,341,3.510397365,Vietnamese,123,1.266213712,Greek,115,1.183858349,Italian,108,1.111797406,Vermont
700,Italian,324,4.933008526,Greek,258,3.928136419,Mandarin,173,2.633982948,Arabic,126,1.918392205,Cantonese,84,1.278928136,Viewbank
709,Cantonese,1200,7.00280112,Mandarin,881,5.141223156,Greek,370,2.159197012,Tamil,300,1.75070028,Sinhalese,289,1.686507937,Wantirna South
710,Cantonese,723,5.367881803,Mandarin,600,4.454673695,Greek,255,1.89323632,Italian,165,1.225035266,Vietnamese,143,1.061697231,Wantirna
714,Italian,5,2.173913043,German,<5,,Greek,<5,,,,,,,,Warrandyte South
715,Italian,157,3.05804441,Greek,68,1.324503311,German,36,0.701207635,Arabic,32,0.623295676,Mandarin,31,0.603817686,Warrandyte
716,Italian,84,1.803349077,Greek,53,1.137827394,Cantonese,30,0.644053242,Afrikaans,22,0.472305711,Mandarin,17,0.364963504,Warranwood
719,Vietnamese,142,6.726669825,Mandarin,130,6.158218854,Greek,87,4.121269541,Cantonese,79,3.742302226,Khmer,74,3.505447655,Waterways
720,Italian,198,5.243644068,Greek,131,3.469279661,Macedonian,63,1.668432203,Arabic,48,1.271186441,Cantonese,47,1.24470339,Watsonia North
721,Mandarin,124,2.504038772,Cantonese,72,1.453957997,Italian,70,1.413570275,Greek,49,0.989499192,Croatian,33,0.666397415,Watsonia
722,German,19,1.18159204,Greek,9,0.559701493,Italian,8,0.497512438,Mandarin,8,0.497512438,Dutch,5,0.310945274,Wattle Glen
726,Italian,24,3.947368421,Maltese,7,1.151315789,French,6,0.986842105,Croatian,6,0.986842105,Macedonian,6,0.986842105,Werribee South
727,Italian,1316,3.682664055,Karen,865,2.420596054,Punjabi,369,1.032601091,Arabic,359,1.004617322,Spanish,346,0.968238422,Werribee
729,Vietnamese,1064,11.10995092,Italian,337,3.518847238,Greek,216,2.255403571,Cantonese,192,2.004803174,Mandarin,169,1.764644461,West Footscray
730,Mandarin,252,8.43655842,Cantonese,142,4.753933713,Korean,142,4.753933713,Italian,66,2.209574824,Arabic,56,1.87479076,West Melbourne
731,Italian,380,7.236716816,Arabic,207,3.942106265,Turkish,141,2.685202819,Greek,118,2.247191011,Maltese,80,1.52351933,Westmeadows
732,Mandarin,1227,6.569929321,Greek,1195,6.398586421,Cantonese,1017,5.44549154,Italian,752,4.026558149,Tamil,281,1.50460484,Wheelers Hill
738,Hindi,155,5.122273629,Mandarin,133,4.395241243,Telugu,104,3.43688037,Punjabi,87,2.875082617,Arabic,78,2.577660278,Williams Landing
739,Italian,29,1.935914553,German,24,1.602136182,Greek,24,1.602136182,Arabic,18,1.201602136,Mandarin,13,0.867823765,Williamstown North
740,Greek,374,2.945113788,Italian,329,2.590755178,Croatian,107,0.84258603,Macedonian,90,0.708717222,Vietnamese,79,0.622096228,Williamstown
744,Greek,406,6.556847545,Mandarin,155,2.503229974,Russian,117,1.889534884,Turkish,97,1.566537468,Cantonese,83,1.340439276,Windsor
747,Italian,33,1.255707763,Mandarin,10,0.380517504,German,9,0.342465753,Afrikaans,8,0.304414003,Greek,8,0.304414003,Wonga Park
756,Hindi,233,1.441207398,Tagalog,187,1.156677182,Filipino,154,0.952557679,Punjabi,146,0.903074163,Arabic,131,0.810292571,Wyndham Vale
758,Italian,57,1.450012719,Greek,47,1.195624523,Arabic,39,0.992113966,Cantonese,31,0.788603409,Malayalam,29,0.73772577,Yallambie
763,Italian,48,7.643312102,Greek,9,1.433121019,Punjabi,6,0.955414013,Serbian,5,0.796178344,Macedonian,<5,,Yarrambat
764,Greek,754,5.738640688,Vietnamese,425,3.23464495,Italian,406,3.090037294,Macedonian,302,2.298500647,Cantonese,176,1.339523556,Yarraville